{
  "run_id": "single_fullpipeline_8f600268",
  "run_type": "single",
  "label": "fullpipeline",
  "display_label": "fullpipeline",
  "parent_run_id": null,
  "created": "2025-09-21T20:25:53.127608",
  "status": "completed",
  "workspace": "/Users/duynguyen/Library/Mobile Documents/com~apple~CloudDocs/LMP/lmp/gui_implementation/testguiws/lmp_workspace",
  "run_plan": {
    "run_type": "single",
    "run_label": "fullpipeline",
    "config_name": "validatedata"
  },
  "last_updated": "2025-09-21T20:26:25.732118",
  "started_at": "2025-09-21T20:25:53.151595",
  "parameter_overrides": null,
  "config_path": "/Users/duynguyen/Library/Mobile Documents/com~apple~CloudDocs/LMP/lmp/gui_implementation/testguiws/lmp_workspace/configs/validatedata.json",
  "manifest_index": null,
  "total_runs": null,
  "runtime_seconds": 32.580299,
  "result_files": [
    "cfd_summary.parquet",
    "pk_curve.parquet",
    "regional_auc.parquet",
    "pbpk_regional_timeseries.parquet",
    "deposition_bins.parquet",
    "solver_stats.parquet",
    "subject_params.parquet"
  ],
  "metadata": {
    "status": "completed",
    "entities": {
      "subject": "healthy_reference: 35.6y, 97.8kg, M, BMI=28.9",
      "api": "BD: MW=430.5\u03bcg/\u03bcmol",
      "product": "Reference: DFP",
      "maneuver": "pMDI_variable_trapezoid: 30.0L/min, 2.0L"
    },
    "stage_times": {
      "cfd": 0.031287500000000135,
      "deposition": 0.34160824999999995,
      "pbbm": 30.452384333,
      "pk": 6.037500000388718e-05
    },
    "stage_results": {
      "cfd": {
        "model": "ml",
        "metadata": {
          "propellant": "PT010",
          "usp_deposition": 41.26,
          "pifr_Lpm": 30.0,
          "cast": "medium",
          "device_type": "dfp",
          "database": "DataBase_July_10.csv"
        }
      },
      "deposition": {
        "model": "clean_lung",
        "metadata": {
          "total_deposited": 762073.0470741133,
          "frc_ml": 3300.0,
          "dose_pmol": 764249.5470804106,
          "regional_amounts_pmol": [
            471385.45224137127,
            29544.80290972016,
            25297.775534207074,
            235845.01638881478
          ],
          "regional_fractions": [
            0.6167952,
            0.038658580855673835,
            0.03310145963559906,
            0.30859686772441136
          ],
          "regional_names": [
            "ET",
            "BB",
            "bb",
            "Al"
          ],
          "deposition_vector": [
            0.6167952000000028,
            0.0007805093253351267,
            0.00364447321292715,
            0.005394769477441683,
            0.005355041736954001,
            0.00465051265485186,
            0.004377811132713247,
            0.0044532818331034785,
            0.004588371843685096,
            0.005413809638662196,
            0.003923475016482931,
            0.004967726578404457,
            0.004734774568512765,
            0.004710698089529497,
            0.004176508759474118,
            0.004552212160745201,
            0.006036064462450087,
            0.007604846372901201,
            0.011887396550977652,
            0.019222295828210525,
            0.03309729211527111,
            0.05900709760044604,
            0.06970673673344834,
            0.10807120252315648,
            0.0,
            0.002847891784313121
          ]
        }
      },
      "pbbm": {
        "model": "numba",
        "metadata": {
          "solver_info": {
            "n_components": 3,
            "components": [
              {
                "type": "lung",
                "n_states": 172,
                "state_names": [
                  "ET_elf",
                  "ET_epi_shallow_0",
                  "ET_epi_deep_0",
                  "ET_tissue_shallow",
                  "ET_tissue_deep",
                  "ET_radius_0",
                  "ET_radius_1",
                  "ET_radius_2",
                  "ET_radius_3",
                  "ET_radius_4",
                  "ET_radius_5",
                  "ET_radius_6",
                  "ET_radius_7",
                  "ET_radius_8",
                  "ET_radius_9",
                  "ET_radius_10",
                  "ET_radius_11",
                  "ET_radius_12",
                  "ET_radius_13",
                  "ET_radius_14",
                  "ET_radius_15",
                  "ET_radius_16",
                  "ET_radius_17",
                  "ET_radius_18",
                  "ET_count_0",
                  "ET_count_1",
                  "ET_count_2",
                  "ET_count_3",
                  "ET_count_4",
                  "ET_count_5",
                  "ET_count_6",
                  "ET_count_7",
                  "ET_count_8",
                  "ET_count_9",
                  "ET_count_10",
                  "ET_count_11",
                  "ET_count_12",
                  "ET_count_13",
                  "ET_count_14",
                  "ET_count_15",
                  "ET_count_16",
                  "ET_count_17",
                  "ET_count_18",
                  "BB_elf",
                  "BB_epi_shallow_0",
                  "BB_epi_deep_0",
                  "BB_tissue_shallow",
                  "BB_tissue_deep",
                  "BB_radius_0",
                  "BB_radius_1",
                  "BB_radius_2",
                  "BB_radius_3",
                  "BB_radius_4",
                  "BB_radius_5",
                  "BB_radius_6",
                  "BB_radius_7",
                  "BB_radius_8",
                  "BB_radius_9",
                  "BB_radius_10",
                  "BB_radius_11",
                  "BB_radius_12",
                  "BB_radius_13",
                  "BB_radius_14",
                  "BB_radius_15",
                  "BB_radius_16",
                  "BB_radius_17",
                  "BB_radius_18",
                  "BB_count_0",
                  "BB_count_1",
                  "BB_count_2",
                  "BB_count_3",
                  "BB_count_4",
                  "BB_count_5",
                  "BB_count_6",
                  "BB_count_7",
                  "BB_count_8",
                  "BB_count_9",
                  "BB_count_10",
                  "BB_count_11",
                  "BB_count_12",
                  "BB_count_13",
                  "BB_count_14",
                  "BB_count_15",
                  "BB_count_16",
                  "BB_count_17",
                  "BB_count_18",
                  "bb_elf",
                  "bb_epi_shallow_0",
                  "bb_epi_deep_0",
                  "bb_tissue_shallow",
                  "bb_tissue_deep",
                  "bb_radius_0",
                  "bb_radius_1",
                  "bb_radius_2",
                  "bb_radius_3",
                  "bb_radius_4",
                  "bb_radius_5",
                  "bb_radius_6",
                  "bb_radius_7",
                  "bb_radius_8",
                  "bb_radius_9",
                  "bb_radius_10",
                  "bb_radius_11",
                  "bb_radius_12",
                  "bb_radius_13",
                  "bb_radius_14",
                  "bb_radius_15",
                  "bb_radius_16",
                  "bb_radius_17",
                  "bb_radius_18",
                  "bb_count_0",
                  "bb_count_1",
                  "bb_count_2",
                  "bb_count_3",
                  "bb_count_4",
                  "bb_count_5",
                  "bb_count_6",
                  "bb_count_7",
                  "bb_count_8",
                  "bb_count_9",
                  "bb_count_10",
                  "bb_count_11",
                  "bb_count_12",
                  "bb_count_13",
                  "bb_count_14",
                  "bb_count_15",
                  "bb_count_16",
                  "bb_count_17",
                  "bb_count_18",
                  "Al_elf",
                  "Al_epi_shallow_0",
                  "Al_epi_deep_0",
                  "Al_tissue_shallow",
                  "Al_tissue_deep",
                  "Al_radius_0",
                  "Al_radius_1",
                  "Al_radius_2",
                  "Al_radius_3",
                  "Al_radius_4",
                  "Al_radius_5",
                  "Al_radius_6",
                  "Al_radius_7",
                  "Al_radius_8",
                  "Al_radius_9",
                  "Al_radius_10",
                  "Al_radius_11",
                  "Al_radius_12",
                  "Al_radius_13",
                  "Al_radius_14",
                  "Al_radius_15",
                  "Al_radius_16",
                  "Al_radius_17",
                  "Al_radius_18",
                  "Al_count_0",
                  "Al_count_1",
                  "Al_count_2",
                  "Al_count_3",
                  "Al_count_4",
                  "Al_count_5",
                  "Al_count_6",
                  "Al_count_7",
                  "Al_count_8",
                  "Al_count_9",
                  "Al_count_10",
                  "Al_count_11",
                  "Al_count_12",
                  "Al_count_13",
                  "Al_count_14",
                  "Al_count_15",
                  "Al_count_16",
                  "Al_count_17",
                  "Al_count_18"
                ]
              },
              {
                "type": "gi",
                "n_states": 9,
                "state_names": [
                  "gi_compartment_0",
                  "gi_compartment_1",
                  "gi_compartment_2",
                  "gi_compartment_3",
                  "gi_compartment_4",
                  "gi_compartment_5",
                  "gi_compartment_6",
                  "gi_compartment_7",
                  "gi_compartment_8"
                ]
              },
              {
                "type": "pk",
                "n_states": 3,
                "state_names": [
                  "pk_central",
                  "pk_peripheral1",
                  "pk_peripheral2"
                ]
              }
            ],
            "total_states": 184,
            "state_mapping": {
              "ET_elf": 0,
              "ET_epi_shallow_0": 1,
              "ET_epi_deep_0": 2,
              "ET_tissue_shallow": 3,
              "ET_tissue_deep": 4,
              "ET_radius_0": 5,
              "ET_radius_1": 6,
              "ET_radius_2": 7,
              "ET_radius_3": 8,
              "ET_radius_4": 9,
              "ET_radius_5": 10,
              "ET_radius_6": 11,
              "ET_radius_7": 12,
              "ET_radius_8": 13,
              "ET_radius_9": 14,
              "ET_radius_10": 15,
              "ET_radius_11": 16,
              "ET_radius_12": 17,
              "ET_radius_13": 18,
              "ET_radius_14": 19,
              "ET_radius_15": 20,
              "ET_radius_16": 21,
              "ET_radius_17": 22,
              "ET_radius_18": 23,
              "ET_count_0": 24,
              "ET_count_1": 25,
              "ET_count_2": 26,
              "ET_count_3": 27,
              "ET_count_4": 28,
              "ET_count_5": 29,
              "ET_count_6": 30,
              "ET_count_7": 31,
              "ET_count_8": 32,
              "ET_count_9": 33,
              "ET_count_10": 34,
              "ET_count_11": 35,
              "ET_count_12": 36,
              "ET_count_13": 37,
              "ET_count_14": 38,
              "ET_count_15": 39,
              "ET_count_16": 40,
              "ET_count_17": 41,
              "ET_count_18": 42,
              "BB_elf": 43,
              "BB_epi_shallow_0": 44,
              "BB_epi_deep_0": 45,
              "BB_tissue_shallow": 46,
              "BB_tissue_deep": 47,
              "BB_radius_0": 48,
              "BB_radius_1": 49,
              "BB_radius_2": 50,
              "BB_radius_3": 51,
              "BB_radius_4": 52,
              "BB_radius_5": 53,
              "BB_radius_6": 54,
              "BB_radius_7": 55,
              "BB_radius_8": 56,
              "BB_radius_9": 57,
              "BB_radius_10": 58,
              "BB_radius_11": 59,
              "BB_radius_12": 60,
              "BB_radius_13": 61,
              "BB_radius_14": 62,
              "BB_radius_15": 63,
              "BB_radius_16": 64,
              "BB_radius_17": 65,
              "BB_radius_18": 66,
              "BB_count_0": 67,
              "BB_count_1": 68,
              "BB_count_2": 69,
              "BB_count_3": 70,
              "BB_count_4": 71,
              "BB_count_5": 72,
              "BB_count_6": 73,
              "BB_count_7": 74,
              "BB_count_8": 75,
              "BB_count_9": 76,
              "BB_count_10": 77,
              "BB_count_11": 78,
              "BB_count_12": 79,
              "BB_count_13": 80,
              "BB_count_14": 81,
              "BB_count_15": 82,
              "BB_count_16": 83,
              "BB_count_17": 84,
              "BB_count_18": 85,
              "bb_elf": 86,
              "bb_epi_shallow_0": 87,
              "bb_epi_deep_0": 88,
              "bb_tissue_shallow": 89,
              "bb_tissue_deep": 90,
              "bb_radius_0": 91,
              "bb_radius_1": 92,
              "bb_radius_2": 93,
              "bb_radius_3": 94,
              "bb_radius_4": 95,
              "bb_radius_5": 96,
              "bb_radius_6": 97,
              "bb_radius_7": 98,
              "bb_radius_8": 99,
              "bb_radius_9": 100,
              "bb_radius_10": 101,
              "bb_radius_11": 102,
              "bb_radius_12": 103,
              "bb_radius_13": 104,
              "bb_radius_14": 105,
              "bb_radius_15": 106,
              "bb_radius_16": 107,
              "bb_radius_17": 108,
              "bb_radius_18": 109,
              "bb_count_0": 110,
              "bb_count_1": 111,
              "bb_count_2": 112,
              "bb_count_3": 113,
              "bb_count_4": 114,
              "bb_count_5": 115,
              "bb_count_6": 116,
              "bb_count_7": 117,
              "bb_count_8": 118,
              "bb_count_9": 119,
              "bb_count_10": 120,
              "bb_count_11": 121,
              "bb_count_12": 122,
              "bb_count_13": 123,
              "bb_count_14": 124,
              "bb_count_15": 125,
              "bb_count_16": 126,
              "bb_count_17": 127,
              "bb_count_18": 128,
              "Al_elf": 129,
              "Al_epi_shallow_0": 130,
              "Al_epi_deep_0": 131,
              "Al_tissue_shallow": 132,
              "Al_tissue_deep": 133,
              "Al_radius_0": 134,
              "Al_radius_1": 135,
              "Al_radius_2": 136,
              "Al_radius_3": 137,
              "Al_radius_4": 138,
              "Al_radius_5": 139,
              "Al_radius_6": 140,
              "Al_radius_7": 141,
              "Al_radius_8": 142,
              "Al_radius_9": 143,
              "Al_radius_10": 144,
              "Al_radius_11": 145,
              "Al_radius_12": 146,
              "Al_radius_13": 147,
              "Al_radius_14": 148,
              "Al_radius_15": 149,
              "Al_radius_16": 150,
              "Al_radius_17": 151,
              "Al_radius_18": 152,
              "Al_count_0": 153,
              "Al_count_1": 154,
              "Al_count_2": 155,
              "Al_count_3": 156,
              "Al_count_4": 157,
              "Al_count_5": 158,
              "Al_count_6": 159,
              "Al_count_7": 160,
              "Al_count_8": 161,
              "Al_count_9": 162,
              "Al_count_10": 163,
              "Al_count_11": 164,
              "Al_count_12": 165,
              "Al_count_13": 166,
              "Al_count_14": 167,
              "Al_count_15": 168,
              "Al_count_16": 169,
              "Al_count_17": 170,
              "Al_count_18": 171,
              "gi_compartment_0": 172,
              "gi_compartment_1": 173,
              "gi_compartment_2": 174,
              "gi_compartment_3": 175,
              "gi_compartment_4": 176,
              "gi_compartment_5": 177,
              "gi_compartment_6": 178,
              "gi_compartment_7": 179,
              "gi_compartment_8": 180,
              "pk_central": 181,
              "pk_peripheral1": 182,
              "pk_peripheral2": 183
            }
          }
        }
      },
      "pk": {
        "model": "pk_3c",
        "metadata": {
          "source": "pbpk_comprehensive",
          "model_type": "3c",
          "units": "ng_per_ml",
          "pk_metrics": {
            "auc_pmol_h_per_ml": null,
            "cmax_pmol_per_ml": null,
            "tmax_h": null
          }
        }
      }
    }
  },
  "stage_metrics": {
    "cfd": {
      "mmad": 3.156,
      "gsd": 1.695,
      "mt_deposition_fraction": 0.48951999999999996,
      "metadata_usp_deposition": 41.26,
      "metadata_pifr_Lpm": 30.0,
      "runtime_seconds": 0.031287500000000135
    },
    "deposition": {
      "total_elf_initial_pmol": 762073.0470741133,
      "region_ET_elf_pmol": 471385.45224137127,
      "region_BB_elf_pmol": 29544.80290972016,
      "region_bb_elf_pmol": 25297.775534207074,
      "region_Al_elf_pmol": 235845.01638881478,
      "metadata_total_deposited": 762073.0470741133,
      "metadata_frc_ml": 3300.0,
      "metadata_dose_pmol": 764249.5470804106,
      "runtime_seconds": 0.34160824999999995
    },
    "pbbm": {
      "lung_total_final_pmol": 5363.353427876397,
      "lung_total_auc_pmol_h": 27852151.04732384,
      "plasma_cmax_pmol_ml": 1.455529225499559,
      "plasma_tmax_h": 0.23333333333333334,
      "plasma_auc_pmol_h_ml": 5.198548616799675,
      "systemic_total_final_pmol": 5094.741320626539,
      "region_ET_total_final_pmol": 5030.732426908352,
      "region_ET_auc_epithelium": 206485.59297598377,
      "region_ET_auc_tissue": 77.96800670403596,
      "region_ET_auc_epithelium_unbound": 8985.566151458683,
      "region_BB_total_final_pmol": 272.7744493522444,
      "region_BB_auc_epithelium": 65574.94675638189,
      "region_BB_auc_tissue": 89.89701103430306,
      "region_BB_auc_epithelium_unbound": 2847.735747595697,
      "region_bb_total_final_pmol": 27.69681617000056,
      "region_bb_auc_epithelium": 13124.288762196105,
      "region_bb_auc_tissue": 136.36853375478776,
      "region_bb_auc_epithelium_unbound": 568.6558071880804,
      "region_Al_total_final_pmol": 32.14973544580044,
      "region_Al_auc_epithelium": 2302.742281751972,
      "region_Al_auc_tissue": 16.56461864520609,
      "region_Al_auc_epithelium_unbound": 99.49715091567064,
      "metadata_solver_info_n_components": 3.0,
      "metadata_solver_info_components_0_n_states": 172.0,
      "metadata_solver_info_components_1_n_states": 9.0,
      "metadata_solver_info_components_2_n_states": 3.0,
      "metadata_solver_info_total_states": 184.0,
      "metadata_solver_info_state_mapping_ET_elf": 0.0,
      "metadata_solver_info_state_mapping_ET_epi_shallow_0": 1.0,
      "metadata_solver_info_state_mapping_ET_epi_deep_0": 2.0,
      "metadata_solver_info_state_mapping_ET_tissue_shallow": 3.0,
      "metadata_solver_info_state_mapping_ET_tissue_deep": 4.0,
      "metadata_solver_info_state_mapping_ET_radius_0": 5.0,
      "metadata_solver_info_state_mapping_ET_radius_1": 6.0,
      "metadata_solver_info_state_mapping_ET_radius_2": 7.0,
      "metadata_solver_info_state_mapping_ET_radius_3": 8.0,
      "metadata_solver_info_state_mapping_ET_radius_4": 9.0,
      "metadata_solver_info_state_mapping_ET_radius_5": 10.0,
      "metadata_solver_info_state_mapping_ET_radius_6": 11.0,
      "metadata_solver_info_state_mapping_ET_radius_7": 12.0,
      "metadata_solver_info_state_mapping_ET_radius_8": 13.0,
      "metadata_solver_info_state_mapping_ET_radius_9": 14.0,
      "metadata_solver_info_state_mapping_ET_radius_10": 15.0,
      "metadata_solver_info_state_mapping_ET_radius_11": 16.0,
      "metadata_solver_info_state_mapping_ET_radius_12": 17.0,
      "metadata_solver_info_state_mapping_ET_radius_13": 18.0,
      "metadata_solver_info_state_mapping_ET_radius_14": 19.0,
      "metadata_solver_info_state_mapping_ET_radius_15": 20.0,
      "metadata_solver_info_state_mapping_ET_radius_16": 21.0,
      "metadata_solver_info_state_mapping_ET_radius_17": 22.0,
      "metadata_solver_info_state_mapping_ET_radius_18": 23.0,
      "metadata_solver_info_state_mapping_ET_count_0": 24.0,
      "metadata_solver_info_state_mapping_ET_count_1": 25.0,
      "metadata_solver_info_state_mapping_ET_count_2": 26.0,
      "metadata_solver_info_state_mapping_ET_count_3": 27.0,
      "metadata_solver_info_state_mapping_ET_count_4": 28.0,
      "metadata_solver_info_state_mapping_ET_count_5": 29.0,
      "metadata_solver_info_state_mapping_ET_count_6": 30.0,
      "metadata_solver_info_state_mapping_ET_count_7": 31.0,
      "metadata_solver_info_state_mapping_ET_count_8": 32.0,
      "metadata_solver_info_state_mapping_ET_count_9": 33.0,
      "metadata_solver_info_state_mapping_ET_count_10": 34.0,
      "metadata_solver_info_state_mapping_ET_count_11": 35.0,
      "metadata_solver_info_state_mapping_ET_count_12": 36.0,
      "metadata_solver_info_state_mapping_ET_count_13": 37.0,
      "metadata_solver_info_state_mapping_ET_count_14": 38.0,
      "metadata_solver_info_state_mapping_ET_count_15": 39.0,
      "metadata_solver_info_state_mapping_ET_count_16": 40.0,
      "metadata_solver_info_state_mapping_ET_count_17": 41.0,
      "metadata_solver_info_state_mapping_ET_count_18": 42.0,
      "metadata_solver_info_state_mapping_BB_elf": 43.0,
      "metadata_solver_info_state_mapping_BB_epi_shallow_0": 44.0,
      "metadata_solver_info_state_mapping_BB_epi_deep_0": 45.0,
      "metadata_solver_info_state_mapping_BB_tissue_shallow": 46.0,
      "metadata_solver_info_state_mapping_BB_tissue_deep": 47.0,
      "metadata_solver_info_state_mapping_BB_radius_0": 48.0,
      "metadata_solver_info_state_mapping_BB_radius_1": 49.0,
      "metadata_solver_info_state_mapping_BB_radius_2": 50.0,
      "metadata_solver_info_state_mapping_BB_radius_3": 51.0,
      "metadata_solver_info_state_mapping_BB_radius_4": 52.0,
      "metadata_solver_info_state_mapping_BB_radius_5": 53.0,
      "metadata_solver_info_state_mapping_BB_radius_6": 54.0,
      "metadata_solver_info_state_mapping_BB_radius_7": 55.0,
      "metadata_solver_info_state_mapping_BB_radius_8": 56.0,
      "metadata_solver_info_state_mapping_BB_radius_9": 57.0,
      "metadata_solver_info_state_mapping_BB_radius_10": 58.0,
      "metadata_solver_info_state_mapping_BB_radius_11": 59.0,
      "metadata_solver_info_state_mapping_BB_radius_12": 60.0,
      "metadata_solver_info_state_mapping_BB_radius_13": 61.0,
      "metadata_solver_info_state_mapping_BB_radius_14": 62.0,
      "metadata_solver_info_state_mapping_BB_radius_15": 63.0,
      "metadata_solver_info_state_mapping_BB_radius_16": 64.0,
      "metadata_solver_info_state_mapping_BB_radius_17": 65.0,
      "metadata_solver_info_state_mapping_BB_radius_18": 66.0,
      "metadata_solver_info_state_mapping_BB_count_0": 67.0,
      "metadata_solver_info_state_mapping_BB_count_1": 68.0,
      "metadata_solver_info_state_mapping_BB_count_2": 69.0,
      "metadata_solver_info_state_mapping_BB_count_3": 70.0,
      "metadata_solver_info_state_mapping_BB_count_4": 71.0,
      "metadata_solver_info_state_mapping_BB_count_5": 72.0,
      "metadata_solver_info_state_mapping_BB_count_6": 73.0,
      "metadata_solver_info_state_mapping_BB_count_7": 74.0,
      "metadata_solver_info_state_mapping_BB_count_8": 75.0,
      "metadata_solver_info_state_mapping_BB_count_9": 76.0,
      "metadata_solver_info_state_mapping_BB_count_10": 77.0,
      "metadata_solver_info_state_mapping_BB_count_11": 78.0,
      "metadata_solver_info_state_mapping_BB_count_12": 79.0,
      "metadata_solver_info_state_mapping_BB_count_13": 80.0,
      "metadata_solver_info_state_mapping_BB_count_14": 81.0,
      "metadata_solver_info_state_mapping_BB_count_15": 82.0,
      "metadata_solver_info_state_mapping_BB_count_16": 83.0,
      "metadata_solver_info_state_mapping_BB_count_17": 84.0,
      "metadata_solver_info_state_mapping_BB_count_18": 85.0,
      "metadata_solver_info_state_mapping_bb_elf": 86.0,
      "metadata_solver_info_state_mapping_bb_epi_shallow_0": 87.0,
      "metadata_solver_info_state_mapping_bb_epi_deep_0": 88.0,
      "metadata_solver_info_state_mapping_bb_tissue_shallow": 89.0,
      "metadata_solver_info_state_mapping_bb_tissue_deep": 90.0,
      "metadata_solver_info_state_mapping_bb_radius_0": 91.0,
      "metadata_solver_info_state_mapping_bb_radius_1": 92.0,
      "metadata_solver_info_state_mapping_bb_radius_2": 93.0,
      "metadata_solver_info_state_mapping_bb_radius_3": 94.0,
      "metadata_solver_info_state_mapping_bb_radius_4": 95.0,
      "metadata_solver_info_state_mapping_bb_radius_5": 96.0,
      "metadata_solver_info_state_mapping_bb_radius_6": 97.0,
      "metadata_solver_info_state_mapping_bb_radius_7": 98.0,
      "metadata_solver_info_state_mapping_bb_radius_8": 99.0,
      "metadata_solver_info_state_mapping_bb_radius_9": 100.0,
      "metadata_solver_info_state_mapping_bb_radius_10": 101.0,
      "metadata_solver_info_state_mapping_bb_radius_11": 102.0,
      "metadata_solver_info_state_mapping_bb_radius_12": 103.0,
      "metadata_solver_info_state_mapping_bb_radius_13": 104.0,
      "metadata_solver_info_state_mapping_bb_radius_14": 105.0,
      "metadata_solver_info_state_mapping_bb_radius_15": 106.0,
      "metadata_solver_info_state_mapping_bb_radius_16": 107.0,
      "metadata_solver_info_state_mapping_bb_radius_17": 108.0,
      "metadata_solver_info_state_mapping_bb_radius_18": 109.0,
      "metadata_solver_info_state_mapping_bb_count_0": 110.0,
      "metadata_solver_info_state_mapping_bb_count_1": 111.0,
      "metadata_solver_info_state_mapping_bb_count_2": 112.0,
      "metadata_solver_info_state_mapping_bb_count_3": 113.0,
      "metadata_solver_info_state_mapping_bb_count_4": 114.0,
      "metadata_solver_info_state_mapping_bb_count_5": 115.0,
      "metadata_solver_info_state_mapping_bb_count_6": 116.0,
      "metadata_solver_info_state_mapping_bb_count_7": 117.0,
      "metadata_solver_info_state_mapping_bb_count_8": 118.0,
      "metadata_solver_info_state_mapping_bb_count_9": 119.0,
      "metadata_solver_info_state_mapping_bb_count_10": 120.0,
      "metadata_solver_info_state_mapping_bb_count_11": 121.0,
      "metadata_solver_info_state_mapping_bb_count_12": 122.0,
      "metadata_solver_info_state_mapping_bb_count_13": 123.0,
      "metadata_solver_info_state_mapping_bb_count_14": 124.0,
      "metadata_solver_info_state_mapping_bb_count_15": 125.0,
      "metadata_solver_info_state_mapping_bb_count_16": 126.0,
      "metadata_solver_info_state_mapping_bb_count_17": 127.0,
      "metadata_solver_info_state_mapping_bb_count_18": 128.0,
      "metadata_solver_info_state_mapping_Al_elf": 129.0,
      "metadata_solver_info_state_mapping_Al_epi_shallow_0": 130.0,
      "metadata_solver_info_state_mapping_Al_epi_deep_0": 131.0,
      "metadata_solver_info_state_mapping_Al_tissue_shallow": 132.0,
      "metadata_solver_info_state_mapping_Al_tissue_deep": 133.0,
      "metadata_solver_info_state_mapping_Al_radius_0": 134.0,
      "metadata_solver_info_state_mapping_Al_radius_1": 135.0,
      "metadata_solver_info_state_mapping_Al_radius_2": 136.0,
      "metadata_solver_info_state_mapping_Al_radius_3": 137.0,
      "metadata_solver_info_state_mapping_Al_radius_4": 138.0,
      "metadata_solver_info_state_mapping_Al_radius_5": 139.0,
      "metadata_solver_info_state_mapping_Al_radius_6": 140.0,
      "metadata_solver_info_state_mapping_Al_radius_7": 141.0,
      "metadata_solver_info_state_mapping_Al_radius_8": 142.0,
      "metadata_solver_info_state_mapping_Al_radius_9": 143.0,
      "metadata_solver_info_state_mapping_Al_radius_10": 144.0,
      "metadata_solver_info_state_mapping_Al_radius_11": 145.0,
      "metadata_solver_info_state_mapping_Al_radius_12": 146.0,
      "metadata_solver_info_state_mapping_Al_radius_13": 147.0,
      "metadata_solver_info_state_mapping_Al_radius_14": 148.0,
      "metadata_solver_info_state_mapping_Al_radius_15": 149.0,
      "metadata_solver_info_state_mapping_Al_radius_16": 150.0,
      "metadata_solver_info_state_mapping_Al_radius_17": 151.0,
      "metadata_solver_info_state_mapping_Al_radius_18": 152.0,
      "metadata_solver_info_state_mapping_Al_count_0": 153.0,
      "metadata_solver_info_state_mapping_Al_count_1": 154.0,
      "metadata_solver_info_state_mapping_Al_count_2": 155.0,
      "metadata_solver_info_state_mapping_Al_count_3": 156.0,
      "metadata_solver_info_state_mapping_Al_count_4": 157.0,
      "metadata_solver_info_state_mapping_Al_count_5": 158.0,
      "metadata_solver_info_state_mapping_Al_count_6": 159.0,
      "metadata_solver_info_state_mapping_Al_count_7": 160.0,
      "metadata_solver_info_state_mapping_Al_count_8": 161.0,
      "metadata_solver_info_state_mapping_Al_count_9": 162.0,
      "metadata_solver_info_state_mapping_Al_count_10": 163.0,
      "metadata_solver_info_state_mapping_Al_count_11": 164.0,
      "metadata_solver_info_state_mapping_Al_count_12": 165.0,
      "metadata_solver_info_state_mapping_Al_count_13": 166.0,
      "metadata_solver_info_state_mapping_Al_count_14": 167.0,
      "metadata_solver_info_state_mapping_Al_count_15": 168.0,
      "metadata_solver_info_state_mapping_Al_count_16": 169.0,
      "metadata_solver_info_state_mapping_Al_count_17": 170.0,
      "metadata_solver_info_state_mapping_Al_count_18": 171.0,
      "metadata_solver_info_state_mapping_gi_compartment_0": 172.0,
      "metadata_solver_info_state_mapping_gi_compartment_1": 173.0,
      "metadata_solver_info_state_mapping_gi_compartment_2": 174.0,
      "metadata_solver_info_state_mapping_gi_compartment_3": 175.0,
      "metadata_solver_info_state_mapping_gi_compartment_4": 176.0,
      "metadata_solver_info_state_mapping_gi_compartment_5": 177.0,
      "metadata_solver_info_state_mapping_gi_compartment_6": 178.0,
      "metadata_solver_info_state_mapping_gi_compartment_7": 179.0,
      "metadata_solver_info_state_mapping_gi_compartment_8": 180.0,
      "metadata_solver_info_state_mapping_pk_central": 181.0,
      "metadata_solver_info_state_mapping_pk_peripheral1": 182.0,
      "metadata_solver_info_state_mapping_pk_peripheral2": 183.0,
      "runtime_seconds": 30.452384333
    },
    "pk": {
      "cmax_conc_plasma": 0.6266635527465801,
      "tmax_h": 840.0,
      "auc_0_last": 8057.4592373169535,
      "runtime_seconds": 6.037500000388718e-05
    },
    "overall": {
      "pk_cmax": 0.6266635527465801,
      "pk_tmax_h": 840.0,
      "pk_auc_0_last": 8057.4592373169535,
      "deposition_total_elf_pmol": 762073.0470741133,
      "cfd_mmad": 3.156,
      "cfd_gsd": 1.695,
      "cfd_mt_deposition_fraction": 0.48951999999999996,
      "pbpk_lung_final_pmol": 5363.353427876397,
      "pbpk_lung_auc_pmol_h": 27852151.04732384,
      "pbpk_plasma_cmax_pmol_ml": 1.455529225499559,
      "pbpk_plasma_tmax_h": 0.23333333333333334,
      "pbpk_plasma_auc_pmol_h_ml": 5.198548616799675
    }
  },
  "summary_metrics": {
    "pk_cmax": 0.6266635527465801,
    "pk_tmax_h": 840.0,
    "pk_auc_0_last": 8057.4592373169535,
    "deposition_total_elf_pmol": 762073.0470741133,
    "cfd_mmad": 3.156,
    "cfd_gsd": 1.695,
    "cfd_mt_deposition_fraction": 0.48951999999999996,
    "pbpk_lung_final_pmol": 5363.353427876397,
    "pbpk_lung_auc_pmol_h": 27852151.04732384,
    "pbpk_plasma_cmax_pmol_ml": 1.455529225499559,
    "pbpk_plasma_tmax_h": 0.23333333333333334,
    "pbpk_plasma_auc_pmol_h_ml": 5.198548616799675
  },
  "stage_order": [
    "cfd",
    "deposition",
    "pbbm",
    "pk",
    "overall"
  ],
  "exit_code": 0,
  "completed_at": "2025-09-21T20:26:25.731820"
}