run_id,t,plasma_conc,compartment
single_fullpipeline_8f600268,0.0,0.0,central
single_fullpipeline_8f600268,60.0,0.05915080137497163,central
single_fullpipeline_8f600268,120.0,0.17535313784671874,central
single_fullpipeline_8f600268,180.0,0.27850324660304093,central
single_fullpipeline_8f600268,240.0,0.36277007693033886,central
single_fullpipeline_8f600268,300.0,0.43020440940108223,central
single_fullpipeline_8f600268,360.0,0.48352382182390596,central
single_fullpipeline_8f600268,420.0,0.5251203066735577,central
single_fullpipeline_8f600268,480.0,0.55711615906527,central
single_fullpipeline_8f600268,540.0,0.5812536388271692,central
single_fullpipeline_8f600268,600.0,0.5989613784918819,central
single_fullpipeline_8f600268,660.0,0.6114477457460782,central
single_fullpipeline_8f600268,720.0,0.6197086909163821,central
single_fullpipeline_8f600268,780.0,0.6245597495876994,central
single_fullpipeline_8f600268,840.0,0.6266635527465801,central
single_fullpipeline_8f600268,900.0,0.6265737660527,central
single_fullpipeline_8f600268,960.0,0.6247506861083499,central
single_fullpipeline_8f600268,1020.0,0.621572687110214,central
single_fullpipeline_8f600268,1080.0,0.6173491764457485,central
single_fullpipeline_8f600268,1140.0,0.6123325056607948,central
single_fullpipeline_8f600268,1200.0,0.6067277542536494,central
single_fullpipeline_8f600268,1260.0,0.6007000398516796,central
single_fullpipeline_8f600268,1320.0,0.5943846865802812,central
single_fullpipeline_8f600268,1380.0,0.5878910475908995,central
single_fullpipeline_8f600268,1440.0,0.581306110442105,central
single_fullpipeline_8f600268,1500.0,0.5746984750842767,central
single_fullpipeline_8f600268,1560.0,0.5681216509304514,central
single_fullpipeline_8f600268,1620.0,0.5616167290432543,central
single_fullpipeline_8f600268,1680.0,0.5552160542797974,central
single_fullpipeline_8f600268,1740.0,0.5489434600097821,central
single_fullpipeline_8f600268,1800.0,0.5428150437357128,central
single_fullpipeline_8f600268,1860.0,0.5368416115801276,central
single_fullpipeline_8f600268,1920.0,0.531029734620154,central
single_fullpipeline_8f600268,1980.0,0.525382659966922,central
single_fullpipeline_8f600268,2040.0,0.5199008758855791,central
single_fullpipeline_8f600268,2100.0,0.5145829352889271,central
single_fullpipeline_8f600268,2160.0,0.5094257891983152,central
single_fullpipeline_8f600268,2220.0,0.504425218579042,central
single_fullpipeline_8f600268,2280.0,0.4995761542264488,central
single_fullpipeline_8f600268,2340.0,0.49487293537320487,central
single_fullpipeline_8f600268,2400.0,0.4903095181889201,central
single_fullpipeline_8f600268,2460.0,0.48587964139463463,central
single_fullpipeline_8f600268,2520.0,0.48157695776320003,central
single_fullpipeline_8f600268,2580.0,0.47739513693583846,central
single_fullpipeline_8f600268,2640.0,0.4733279448251623,central
single_fullpipeline_8f600268,2700.0,0.4693693037831122,central
single_fullpipeline_8f600268,2760.0,0.4655133369141599,central
single_fullpipeline_8f600268,2820.0,0.4617543998710386,central
single_fullpipeline_8f600268,2880.0,0.4580871023066645,central
single_fullpipeline_8f600268,2940.0,0.4545063209896209,central
single_fullpipeline_8f600268,3000.0,0.4510072063350219,central
single_fullpipeline_8f600268,3060.0,0.4475851839260676,central
single_fullpipeline_8f600268,3120.0,0.444235951789688,central
single_fullpipeline_8f600268,3180.0,0.44095547473146096,central
single_fullpipeline_8f600268,3240.0,0.43773997622255834,central
single_fullpipeline_8f600268,3300.0,0.434585928708283,central
single_fullpipeline_8f600268,3360.0,0.43149007641475046,central
single_fullpipeline_8f600268,3420.0,0.42844942839313865,central
single_fullpipeline_8f600268,3480.0,0.42546112576958967,central
single_fullpipeline_8f600268,3540.0,0.42252251084998316,central
single_fullpipeline_8f600268,3600.0,0.4196311178597358,central
single_fullpipeline_8f600268,3660.0,0.4167846603898019,central
single_fullpipeline_8f600268,3720.0,0.41398101937875736,central
single_fullpipeline_8f600268,3780.0,0.41121823146651787,central
single_fullpipeline_8f600268,3840.0,0.408494477937969,central
single_fullpipeline_8f600268,3900.0,0.40580807417969017,central
single_fullpipeline_8f600268,3960.0,0.4031574596877842,central
single_fullpipeline_8f600268,4020.0,0.4005411887706394,central
single_fullpipeline_8f600268,4080.0,0.39795792167095295,central
single_fullpipeline_8f600268,4140.0,0.3954064164218919,central
single_fullpipeline_8f600268,4200.0,0.39288552110141334,central
single_fullpipeline_8f600268,4260.0,0.39039416674666616,central
single_fullpipeline_8f600268,4320.0,0.3879313607135793,central
single_fullpipeline_8f600268,4380.0,0.38549618054423773,central
single_fullpipeline_8f600268,4440.0,0.3830877683000539,central
single_fullpipeline_8f600268,4500.0,0.3807053253238882,central
single_fullpipeline_8f600268,4560.0,0.3783481074077362,central
single_fullpipeline_8f600268,4620.0,0.3760154203609996,central
single_fullpipeline_8f600268,4680.0,0.37370661593287163,central
single_fullpipeline_8f600268,4740.0,0.37142108804879015,central
single_fullpipeline_8f600268,4800.0,0.36915826937430407,central
single_fullpipeline_8f600268,4860.0,0.36691762816840046,central
single_fullpipeline_8f600268,4920.0,0.36469866538395074,central
single_fullpipeline_8f600268,4980.0,0.36250091202767676,central
single_fullpipeline_8f600268,5040.0,0.3603239267458018,central
single_fullpipeline_8f600268,5100.0,0.3581672935925832,central
single_fullpipeline_8f600268,5160.0,0.35603062001777175,central
single_fullpipeline_8f600268,5220.0,0.3539135350111218,central
single_fullpipeline_8f600268,5280.0,0.35181568740968755,central
single_fullpipeline_8f600268,5340.0,0.3497367443503566,central
single_fullpipeline_8f600268,5400.0,0.3476763898584728,central
single_fullpipeline_8f600268,5460.0,0.3456343235473129,central
single_fullpipeline_8f600268,5520.0,0.3436102594400962,central
single_fullpipeline_8f600268,5580.0,0.34160392488225005,central
single_fullpipeline_8f600268,5640.0,0.3396150595590782,central
single_fullpipeline_8f600268,5700.0,0.337643414579459,central
single_fullpipeline_8f600268,5760.0,0.33568875164962514,central
single_fullpipeline_8f600268,5820.0,0.33375084230895435,central
single_fullpipeline_8f600268,5880.0,0.33182946722780937,central
single_fullpipeline_8f600268,5940.0,0.32992441557369967,central
single_fullpipeline_8f600268,6000.0,0.32803548440868746,central
single_fullpipeline_8f600268,6060.0,0.3261624781554965,central
single_fullpipeline_8f600268,6120.0,0.32430520809545044,central
single_fullpipeline_8f600268,6180.0,0.32246349190444634,central
single_fullpipeline_8f600268,6240.0,0.3206371532304789,central
single_fullpipeline_8f600268,6300.0,0.3188260213028173,central
single_fullpipeline_8f600268,6360.0,0.3170299305626583,central
single_fullpipeline_8f600268,6420.0,0.3152487203336347,central
single_fullpipeline_8f600268,6480.0,0.3134822345075098,central
single_fullpipeline_8f600268,6540.0,0.311730321255228,central
single_fullpipeline_8f600268,6600.0,0.3099928327595688,central
single_fullpipeline_8f600268,6660.0,0.30826962496679305,central
single_fullpipeline_8f600268,6720.0,0.30656055735360227,central
single_fullpipeline_8f600268,6780.0,0.3048654927125181,central
single_fullpipeline_8f600268,6840.0,0.3031842969505058,central
single_fullpipeline_8f600268,6900.0,0.30151683890135206,central
single_fullpipeline_8f600268,6960.0,0.2998629901522268,central
single_fullpipeline_8f600268,7020.0,0.2982226248775607,central
single_fullpipeline_8f600268,7080.0,0.29659561968949333,central
single_fullpipeline_8f600268,7140.0,0.2949818534932345,central
single_fullpipeline_8f600268,7200.0,0.2933812073543575,central
single_fullpipeline_8f600268,7260.0,0.2917935643737315,central
single_fullpipeline_8f600268,7320.0,0.2902188095705961,central
single_fullpipeline_8f600268,7380.0,0.2886568297739096,central
single_fullpipeline_8f600268,7440.0,0.2871075135187651,central
single_fullpipeline_8f600268,7500.0,0.285570750951184,central
single_fullpipeline_8f600268,7560.0,0.28404643373875604,central
single_fullpipeline_8f600268,7620.0,0.28253445498649193,central
single_fullpipeline_8f600268,7680.0,0.28103470915689477,central
single_fullpipeline_8f600268,7740.0,0.2795470919989502,central
single_fullpipeline_8f600268,7800.0,0.2780715004773482,central
single_fullpipeline_8f600268,7860.0,0.2766078327090585,central
single_fullpipeline_8f600268,7920.0,0.27515598790418894,central
single_fullpipeline_8f600268,7980.0,0.2737158663080884,central
single_fullpipeline_8f600268,8040.0,0.272287369151281,central
single_fullpipeline_8f600268,8100.0,0.2708703985985549,central
single_fullpipeline_8f600268,8160.0,0.2694648577079267,central
single_fullpipeline_8f600268,8220.0,0.2680706503828076,central
single_fullpipeline_8f600268,8280.0,0.2666876813387275,central
single_fullpipeline_8f600268,8340.0,0.2653158560639187,central
single_fullpipeline_8f600268,8400.0,0.26395508078583474,central
single_fullpipeline_8f600268,8460.0,0.2626052624422054,central
single_fullpipeline_8f600268,8520.0,0.26126630865220446,central
single_fullpipeline_8f600268,8580.0,0.259938127688085,central
single_fullpipeline_8f600268,8640.0,0.2586206284532578,central
single_fullpipeline_8f600268,8700.0,0.2573137204604458,central
single_fullpipeline_8f600268,8760.0,0.25601731381108994,central
single_fullpipeline_8f600268,8820.0,0.2547313191757489,central
single_fullpipeline_8f600268,8880.0,0.25345564777930907,central
single_fullpipeline_8f600268,8940.0,0.25219021138686315,central
single_fullpipeline_8f600268,9000.0,0.2509349222868214,central
single_fullpipeline_8f600268,9060.0,0.2496896932802689,central
single_fullpipeline_8f600268,9120.0,0.24845443767410516,central
single_fullpipeline_8f600268,9180.0,0.2472290692655391,central
single_fullpipeline_8f600268,9240.0,0.2460135023371298,central
single_fullpipeline_8f600268,9300.0,0.244807651647746,central
single_fullpipeline_8f600268,9360.0,0.2436114324284595,central
single_fullpipeline_8f600268,9420.0,0.24242476037591848,central
single_fullpipeline_8f600268,9480.0,0.2412475516466488,central
single_fullpipeline_8f600268,9540.0,0.24007972285579599,central
single_fullpipeline_8f600268,9600.0,0.2389211910730778,central
single_fullpipeline_8f600268,9660.0,0.23777187381942994,central
single_fullpipeline_8f600268,9720.0,0.23663168906689516,central
single_fullpipeline_8f600268,9780.0,0.23550055523781183,central
single_fullpipeline_8f600268,9840.0,0.23437839120220147,central
single_fullpipeline_8f600268,9900.0,0.23326511627931526,central
single_fullpipeline_8f600268,9960.0,0.2321606502391347,central
single_fullpipeline_8f600268,10020.0,0.231064913299779,central
single_fullpipeline_8f600268,10080.0,0.22997782613113124,central
single_fullpipeline_8f600268,10140.0,0.22889930985718623,central
single_fullpipeline_8f600268,10200.0,0.22782928605445257,central
single_fullpipeline_8f600268,10260.0,0.2267676767559712,central
single_fullpipeline_8f600268,10320.0,0.2257144044548911,central
single_fullpipeline_8f600268,10380.0,0.22466939210375214,central
single_fullpipeline_8f600268,10440.0,0.22363256311800792,central
single_fullpipeline_8f600268,10500.0,0.22260384138104464,central
single_fullpipeline_8f600268,10560.0,0.22158315124353195,central
single_fullpipeline_8f600268,10620.0,0.220570417527323,central
single_fullpipeline_8f600268,10680.0,0.2195655655302244,central
single_fullpipeline_8f600268,10740.0,0.21856852102628366,central
single_fullpipeline_8f600268,10800.0,0.21757921026953894,central
single_fullpipeline_8f600268,10860.0,0.2165975599981327,central
single_fullpipeline_8f600268,10920.0,0.21562349743598594,central
single_fullpipeline_8f600268,10980.0,0.21465695029516818,central
single_fullpipeline_8f600268,11040.0,0.21369784678058468,central
single_fullpipeline_8f600268,11100.0,0.2127461155916777,central
single_fullpipeline_8f600268,11160.0,0.21180168592412865,central
single_fullpipeline_8f600268,11220.0,0.21086448747454695,central
single_fullpipeline_8f600268,11280.0,0.20993445044204387,central
single_fullpipeline_8f600268,11340.0,0.20901150552985376,central
single_fullpipeline_8f600268,11400.0,0.20809558394915517,central
single_fullpipeline_8f600268,11460.0,0.20718661742012048,central
single_fullpipeline_8f600268,11520.0,0.20628453817522283,central
single_fullpipeline_8f600268,11580.0,0.2053892789597981,central
single_fullpipeline_8f600268,11640.0,0.20450077303470401,central
single_fullpipeline_8f600268,11700.0,0.20361895417899611,central
single_fullpipeline_8f600268,11760.0,0.20274375668915107,central
single_fullpipeline_8f600268,11820.0,0.20187511538248892,central
single_fullpipeline_8f600268,11880.0,0.2010129655980718,central
single_fullpipeline_8f600268,11940.0,0.20015724319753125,central
single_fullpipeline_8f600268,12000.0,0.1993078845660099,central
single_fullpipeline_8f600268,12060.0,0.19846482661395798,central
single_fullpipeline_8f600268,12120.0,0.1976280067763671,central
single_fullpipeline_8f600268,12180.0,0.19679736301527287,central
single_fullpipeline_8f600268,12240.0,0.1959728338178626,central
single_fullpipeline_8f600268,12300.0,0.19515435819945715,central
single_fullpipeline_8f600268,12360.0,0.19434187570108888,central
single_fullpipeline_8f600268,12420.0,0.19353532639173937,central
single_fullpipeline_8f600268,12480.0,0.19273465086646846,central
single_fullpipeline_8f600268,12540.0,0.1919397902473799,central
single_fullpipeline_8f600268,12600.0,0.19115068618260173,central
single_fullpipeline_8f600268,12660.0,0.1903672808456758,central
single_fullpipeline_8f600268,12720.0,0.18958951693572043,central
single_fullpipeline_8f600268,12780.0,0.18881733767526698,central
single_fullpipeline_8f600268,12840.0,0.18805068681106588,central
single_fullpipeline_8f600268,12900.0,0.1872895086109828,central
single_fullpipeline_8f600268,12960.0,0.18653374786493665,central
single_fullpipeline_8f600268,13020.0,0.18578334988215497,central
single_fullpipeline_8f600268,13080.0,0.18503826048990007,central
single_fullpipeline_8f600268,13140.0,0.1842984260330497,central
single_fullpipeline_8f600268,13200.0,0.18356379337124662,central
single_fullpipeline_8f600268,13260.0,0.18283430987728916,central
single_fullpipeline_8f600268,13320.0,0.18210992343644836,central
single_fullpipeline_8f600268,13380.0,0.18139058244292317,central
single_fullpipeline_8f600268,13440.0,0.18067623579881706,central
single_fullpipeline_8f600268,13500.0,0.17996683291182058,central
single_fullpipeline_8f600268,13560.0,0.17926232369294193,central
single_fullpipeline_8f600268,13620.0,0.17856265855379147,central
single_fullpipeline_8f600268,13680.0,0.17786778840530645,central
single_fullpipeline_8f600268,13740.0,0.17717766465358958,central
single_fullpipeline_8f600268,13800.0,0.17649223919879045,central
single_fullpipeline_8f600268,13860.0,0.17581146443184564,central
single_fullpipeline_8f600268,13920.0,0.1751352932318697,central
single_fullpipeline_8f600268,13980.0,0.1744636789633786,central
single_fullpipeline_8f600268,14040.0,0.17379657547344615,central
single_fullpipeline_8f600268,14100.0,0.17313393708879835,central
single_fullpipeline_8f600268,14160.0,0.1724757186128478,central
single_fullpipeline_8f600268,14220.0,0.17182187532267107,central
single_fullpipeline_8f600268,14280.0,0.1711723629659327,central
single_fullpipeline_8f600268,14340.0,0.1705271377577569,central
single_fullpipeline_8f600268,14400.0,0.16988615637755292,central
single_fullpipeline_8f600268,14460.0,0.169249375965793,central
single_fullpipeline_8f600268,14520.0,0.168616754120749,central
single_fullpipeline_8f600268,14580.0,0.16798824889518815,central
single_fullpipeline_8f600268,14640.0,0.1673638187930317,central
single_fullpipeline_8f600268,14700.0,0.16674342276597803,central
single_fullpipeline_8f600268,14760.0,0.16612702021009376,central
single_fullpipeline_8f600268,14820.0,0.16551457096237487,central
single_fullpipeline_8f600268,14880.0,0.16490603529727957,central
single_fullpipeline_8f600268,14940.0,0.16430137392323563,central
single_fullpipeline_8f600268,15000.0,0.1637005479791254,central
single_fullpipeline_8f600268,15060.0,0.1631035190307486,central
single_fullpipeline_8f600268,15120.0,0.16251024906726666,central
single_fullpipeline_8f600268,15180.0,0.16192070049763066,central
single_fullpipeline_8f600268,15240.0,0.1613348361469932,central
single_fullpipeline_8f600268,15300.0,0.1607526192531083,central
single_fullpipeline_8f600268,15360.0,0.1601740134627194,central
single_fullpipeline_8f600268,15420.0,0.15959898282793847,central
single_fullpipeline_8f600268,15480.0,0.15902749180261785,central
single_fullpipeline_8f600268,15540.0,0.15845950523871488,central
single_fullpipeline_8f600268,15600.0,0.1578949883826536,central
single_fullpipeline_8f600268,15660.0,0.1573339068716834,central
single_fullpipeline_8f600268,15720.0,0.15677622673023617,central
single_fullpipeline_8f600268,15780.0,0.15622191436628363,central
single_fullpipeline_8f600268,15840.0,0.15567093656769732,central
single_fullpipeline_8f600268,15900.0,0.15512326049861028,central
single_fullpipeline_8f600268,15960.0,0.15457885369578478,central
single_fullpipeline_8f600268,16020.0,0.1540376840649834,central
single_fullpipeline_8f600268,16080.0,0.15349971987734973,central
single_fullpipeline_8f600268,16140.0,0.1529649297657946,central
single_fullpipeline_8f600268,16200.0,0.1524332827213931,central
single_fullpipeline_8f600268,16260.0,0.15190474808979065,central
single_fullpipeline_8f600268,16320.0,0.15137929556762125,central
single_fullpipeline_8f600268,16380.0,0.1508568951989375,central
single_fullpipeline_8f600268,16440.0,0.150337517371653,central
single_fullpipeline_8f600268,16500.0,0.14982113281400058,central
single_fullpipeline_8f600268,16560.0,0.14930771259100323,central
single_fullpipeline_8f600268,16620.0,0.14879722810096285,central
single_fullpipeline_8f600268,16680.0,0.14828965107196324,central
single_fullpipeline_8f600268,16740.0,0.1477849535583926,central
single_fullpipeline_8f600268,16800.0,0.14728310793748234,central
single_fullpipeline_8f600268,16860.0,0.14678408690586442,central
single_fullpipeline_8f600268,16920.0,0.1462878634761489,central
single_fullpipeline_8f600268,16980.0,0.14579441097352083,central
single_fullpipeline_8f600268,17040.0,0.14530370303235704,central
single_fullpipeline_8f600268,17100.0,0.14481571359286394,central
single_fullpipeline_8f600268,17160.0,0.14433041689773776,central
single_fullpipeline_8f600268,17220.0,0.14384778748884494,central
single_fullpipeline_8f600268,17280.0,0.1433678002039261,central
single_fullpipeline_8f600268,17340.0,0.14289043017332223,central
single_fullpipeline_8f600268,17400.0,0.14241565281672386,central
single_fullpipeline_8f600268,17460.0,0.14194344383994417,central
single_fullpipeline_8f600268,17520.0,0.1414737792317154,central
single_fullpipeline_8f600268,17580.0,0.1410066352605094,central
single_fullpipeline_8f600268,17640.0,0.14054198847138302,central
single_fullpipeline_8f600268,17700.0,0.14007981568284789,central
single_fullpipeline_8f600268,17760.0,0.13962009398376465,central
single_fullpipeline_8f600268,17820.0,0.13916280073026288,central
single_fullpipeline_8f600268,17880.0,0.13870791354268638,central
single_fullpipeline_8f600268,17940.0,0.13825541030256394,central
single_fullpipeline_8f600268,18000.0,0.1378052691496051,central
single_fullpipeline_8f600268,18060.0,0.13735746847872266,central
single_fullpipeline_8f600268,18120.0,0.13691198693708076,central
single_fullpipeline_8f600268,18180.0,0.1364688034211686,central
single_fullpipeline_8f600268,18240.0,0.13602789707390123,central
single_fullpipeline_8f600268,18300.0,0.13558924728174546,central
single_fullpipeline_8f600268,18360.0,0.13515283367187314,central
single_fullpipeline_8f600268,18420.0,0.13471863610934048,central
single_fullpipeline_8f600268,18480.0,0.1342866346942928,central
single_fullpipeline_8f600268,18540.0,0.13385680975919687,central
single_fullpipeline_8f600268,18600.0,0.1334291418660996,central
single_fullpipeline_8f600268,18660.0,0.13300361180391282,central
single_fullpipeline_8f600268,18720.0,0.13258020058572345,central
single_fullpipeline_8f600268,18780.0,0.13215888944613252,central
single_fullpipeline_8f600268,18840.0,0.13173965983861838,central
single_fullpipeline_8f600268,18900.0,0.13132249343292632,central
single_fullpipeline_8f600268,18960.0,0.13090737211248632,central
single_fullpipeline_8f600268,19020.0,0.13049427797185484,central
single_fullpipeline_8f600268,19080.0,0.13008319331418366,central
single_fullpipeline_8f600268,19140.0,0.12967410064871498,central
single_fullpipeline_8f600268,19200.0,0.12926698268830233,central
single_fullpipeline_8f600268,19260.0,0.12886182234695656,central
single_fullpipeline_8f600268,19320.0,0.12845860273741866,central
single_fullpipeline_8f600268,19380.0,0.12805730716875774,central
single_fullpipeline_8f600268,19440.0,0.1276579191439942,central
single_fullpipeline_8f600268,19500.0,0.12726042235774931,central
single_fullpipeline_8f600268,19560.0,0.12686480069391884,central
single_fullpipeline_8f600268,19620.0,0.12647103822337274,central
single_fullpipeline_8f600268,19680.0,0.126079119201679,central
single_fullpipeline_8f600268,19740.0,0.1256890280668533,central
single_fullpipeline_8f600268,19800.0,0.125300749437133,central
single_fullpipeline_8f600268,19860.0,0.12491426810877528,central
single_fullpipeline_8f600268,19920.0,0.12452956905387982,central
single_fullpipeline_8f600268,19980.0,0.12414663741823662,central
single_fullpipeline_8f600268,20040.0,0.12376545851919654,central
single_fullpipeline_8f600268,20100.0,0.1233860178435667,central
single_fullpipeline_8f600268,20160.0,0.12300830104552929,central
single_fullpipeline_8f600268,20220.0,0.12263229394458396,central
single_fullpipeline_8f600268,20280.0,0.12225798252351336,central
single_fullpipeline_8f600268,20340.0,0.12188535292637252,central
single_fullpipeline_8f600268,20400.0,0.12151439145650077,central
single_fullpipeline_8f600268,20460.0,0.12114508457455661,central
single_fullpipeline_8f600268,20520.0,0.12077741889657535,central
single_fullpipeline_8f600268,20580.0,0.12041138119204879,central
single_fullpipeline_8f600268,20640.0,0.12004695838202825,central
single_fullpipeline_8f600268,20700.0,0.11968413753724856,central
single_fullpipeline_8f600268,20760.0,0.11932290587627417,central
single_fullpipeline_8f600268,20820.0,0.11896325076366807,central
single_fullpipeline_8f600268,20880.0,0.11860515970818053,central
single_fullpipeline_8f600268,20940.0,0.11824862036096036,central
single_fullpipeline_8f600268,21000.0,0.11789362051378748,central
single_fullpipeline_8f600268,21060.0,0.11754014809732541,central
single_fullpipeline_8f600268,21120.0,0.11718819117939516,central
single_fullpipeline_8f600268,21180.0,0.11683773796326985,central
single_fullpipeline_8f600268,21240.0,0.11648877678598916,central
single_fullpipeline_8f600268,21300.0,0.11614129611669462,central
single_fullpipeline_8f600268,21360.0,0.115795284554984,central
single_fullpipeline_8f600268,21420.0,0.11545073082928665,central
single_fullpipeline_8f600268,21480.0,0.11510762379525706,central
single_fullpipeline_8f600268,21540.0,0.11476595243418908,central
single_fullpipeline_8f600268,21600.0,0.11442570585144823,central
single_fullpipeline_8f600268,21660.0,0.1140868732749241,central
single_fullpipeline_8f600268,21720.0,0.11374944405350058,central
single_fullpipeline_8f600268,21780.0,0.11341340765554538,central
single_fullpipeline_8f600268,21840.0,0.11307875366741758,central
single_fullpipeline_8f600268,21900.0,0.11274547179199368,central
single_fullpipeline_8f600268,21960.0,0.1124135518472113,central
single_fullpipeline_8f600268,22020.0,0.11208298376463133,central
single_fullpipeline_8f600268,22080.0,0.11175375758801738,central
single_fullpipeline_8f600268,22140.0,0.1114258634719323,central
single_fullpipeline_8f600268,22200.0,0.11109929168035282,central
single_fullpipeline_8f600268,22260.0,0.11077403258530066,central
single_fullpipeline_8f600268,22320.0,0.11045007666549078,central
single_fullpipeline_8f600268,22380.0,0.1101274145049965,central
single_fullpipeline_8f600268,22440.0,0.10980603679193066,central
single_fullpipeline_8f600268,22500.0,0.10948593431714368,central
single_fullpipeline_8f600268,22560.0,0.10916709797293758,central
single_fullpipeline_8f600268,22620.0,0.10884951875179581,central
single_fullpipeline_8f600268,22680.0,0.10853318774512918,central
single_fullpipeline_8f600268,22740.0,0.10821809614203746,central
single_fullpipeline_8f600268,22800.0,0.10790423522808607,central
single_fullpipeline_8f600268,22860.0,0.10759159638409842,central
single_fullpipeline_8f600268,22920.0,0.10728017108496303,central
single_fullpipeline_8f600268,22980.0,0.10696995089845607,central
single_fullpipeline_8f600268,23040.0,0.10666092748407821,central
single_fullpipeline_8f600268,23100.0,0.10635309259190626,central
single_fullpipeline_8f600268,23160.0,0.10604643806145911,central
single_fullpipeline_8f600268,23220.0,0.10574095582057817,central
single_fullpipeline_8f600268,23280.0,0.10543663788432177,central
single_fullpipeline_8f600268,23340.0,0.10513347635387334,central
single_fullpipeline_8f600268,23400.0,0.10483146341546355,central
single_fullpipeline_8f600268,23460.0,0.10453059133930614,central
single_fullpipeline_8f600268,23520.0,0.1042308524785468,central
single_fullpipeline_8f600268,23580.0,0.10393223926822576,central
single_fullpipeline_8f600268,23640.0,0.10363474422425337,central
single_fullpipeline_8f600268,23700.0,0.1033383599423984,central
single_fullpipeline_8f600268,23760.0,0.10304307909728952,central
single_fullpipeline_8f600268,23820.0,0.10274889444142933,central
single_fullpipeline_8f600268,23880.0,0.10245579880422082,central
single_fullpipeline_8f600268,23940.0,0.1021637850910061,central
single_fullpipeline_8f600268,24000.0,0.10187284628211773,central
single_fullpipeline_8f600268,24060.0,0.1015829754319415,central
single_fullpipeline_8f600268,24120.0,0.10129416566799192,central
single_fullpipeline_8f600268,24180.0,0.10100641018999867,central
single_fullpipeline_8f600268,24240.0,0.10071970226898869,central
single_fullpipeline_8f600268,24300.0,0.1004340352464183,central
single_fullpipeline_8f600268,24360.0,0.10014940253332866,central
single_fullpipeline_8f600268,24420.0,0.0998657976094005,central
single_fullpipeline_8f600268,24480.0,0.09958321402215406,central
single_fullpipeline_8f600268,24540.0,0.0993016453860843,central
single_fullpipeline_8f600268,24600.0,0.0990210853818118,central
single_fullpipeline_8f600268,24660.0,0.09874152775526406,central
single_fullpipeline_8f600268,24720.0,0.098462966316925,central
single_fullpipeline_8f600268,24780.0,0.09818539494092401,central
single_fullpipeline_8f600268,24840.0,0.09790880756429925,central
single_fullpipeline_8f600268,24900.0,0.09763319818626631,central
single_fullpipeline_8f600268,24960.0,0.09735856086733312,central
single_fullpipeline_8f600268,25020.0,0.09708488972864326,central
single_fullpipeline_8f600268,25080.0,0.09681217895115171,central
single_fullpipeline_8f600268,25140.0,0.09654042277490954,central
single_fullpipeline_8f600268,25200.0,0.09626961549832522,central
single_fullpipeline_8f600268,25260.0,0.09599975147747114,central
single_fullpipeline_8f600268,25320.0,0.09573082512530509,central
single_fullpipeline_8f600268,25380.0,0.09546283091099769,central
single_fullpipeline_8f600268,25440.0,0.09519576335928628,central
single_fullpipeline_8f600268,25500.0,0.09492961704968851,central
single_fullpipeline_8f600268,25560.0,0.0946643866158744,central
single_fullpipeline_8f600268,25620.0,0.09440006674503885,central
single_fullpipeline_8f600268,25680.0,0.09413665217715451,central
single_fullpipeline_8f600268,25740.0,0.09387413770438988,central
single_fullpipeline_8f600268,25800.0,0.09361251817039747,central
single_fullpipeline_8f600268,25860.0,0.09335178846976323,central
single_fullpipeline_8f600268,25920.0,0.0930919435472837,central
single_fullpipeline_8f600268,25980.0,0.09283297839744041,central
single_fullpipeline_8f600268,26040.0,0.09257488806370337,central
single_fullpipeline_8f600268,26100.0,0.09231766763795943,central
single_fullpipeline_8f600268,26160.0,0.09206131225996665,central
single_fullpipeline_8f600268,26220.0,0.09180581711667345,central
single_fullpipeline_8f600268,26280.0,0.0915511774416842,central
single_fullpipeline_8f600268,26340.0,0.09129738851472756,central
single_fullpipeline_8f600268,26400.0,0.09104444566100256,central
single_fullpipeline_8f600268,26460.0,0.09079234425067277,central
single_fullpipeline_8f600268,26520.0,0.0905410796983216,central
single_fullpipeline_8f600268,26580.0,0.09029064746239762,central
single_fullpipeline_8f600268,26640.0,0.0900410430446474,central
single_fullpipeline_8f600268,26700.0,0.08979226198960545,central
single_fullpipeline_8f600268,26760.0,0.08954429988411611,central
single_fullpipeline_8f600268,26820.0,0.08929715235671977,central
single_fullpipeline_8f600268,26880.0,0.08905081507725177,central
single_fullpipeline_8f600268,26940.0,0.0888052837562431,central
single_fullpipeline_8f600268,27000.0,0.08856055414446667,central
single_fullpipeline_8f600268,27060.0,0.08831662203247798,central
single_fullpipeline_8f600268,27120.0,0.08807348325006446,central
single_fullpipeline_8f600268,27180.0,0.0878311336658037,central
single_fullpipeline_8f600268,27240.0,0.08758956918659898,central
single_fullpipeline_8f600268,27300.0,0.087348785757201,central
single_fullpipeline_8f600268,27360.0,0.08710877935973876,central
single_fullpipeline_8f600268,27420.0,0.0868695460132691,central
single_fullpipeline_8f600268,27480.0,0.08663108177336848,central
single_fullpipeline_8f600268,27540.0,0.08639338273162221,central
single_fullpipeline_8f600268,27600.0,0.08615644501522313,central
single_fullpipeline_8f600268,27660.0,0.08592026478657404,central
single_fullpipeline_8f600268,27720.0,0.08568483824278976,central
single_fullpipeline_8f600268,27780.0,0.08545016161534562,central
single_fullpipeline_8f600268,27840.0,0.08521623116961694,central
single_fullpipeline_8f600268,27900.0,0.084983043204488,central
single_fullpipeline_8f600268,27960.0,0.08475059405194516,central
single_fullpipeline_8f600268,28020.0,0.08451888007669754,central
single_fullpipeline_8f600268,28080.0,0.08428789767574356,central
single_fullpipeline_8f600268,28140.0,0.08405764327800329,central
single_fullpipeline_8f600268,28200.0,0.083828113343968,central
single_fullpipeline_8f600268,28260.0,0.0835993043652584,central
single_fullpipeline_8f600268,28320.0,0.08337121286428338,central
single_fullpipeline_8f600268,28380.0,0.08314383539390366,central
single_fullpipeline_8f600268,28440.0,0.08291716853700264,central
single_fullpipeline_8f600268,28500.0,0.08269120890616215,central
single_fullpipeline_8f600268,28560.0,0.082465953143326,central
single_fullpipeline_8f600268,28620.0,0.08224139791943096,central
single_fullpipeline_8f600268,28680.0,0.08201753993402315,central
single_fullpipeline_8f600268,28740.0,0.08179437591498676,central
single_fullpipeline_8f600268,28800.0,0.0815719026181808,central
single_fullpipeline_8f600268,28860.0,0.08135011682706715,central
single_fullpipeline_8f600268,28920.0,0.08112901535245627,central
single_fullpipeline_8f600268,28980.0,0.08090859503211391,central
single_fullpipeline_8f600268,29040.0,0.08068885273047154,central
single_fullpipeline_8f600268,29100.0,0.08046978533833943,central
single_fullpipeline_8f600268,29160.0,0.0802513897725372,central
single_fullpipeline_8f600268,29220.0,0.08003366297562145,central
single_fullpipeline_8f600268,29280.0,0.07981660191559234,central
single_fullpipeline_8f600268,29340.0,0.07960020358556542,central
single_fullpipeline_8f600268,29400.0,0.0793844650034905,central
single_fullpipeline_8f600268,29460.0,0.07916938321185779,central
single_fullpipeline_8f600268,29520.0,0.07895495527742552,central
single_fullpipeline_8f600268,29580.0,0.07874117829090296,central
single_fullpipeline_8f600268,29640.0,0.07852804936668711,central
single_fullpipeline_8f600268,29700.0,0.07831556564261205,central
single_fullpipeline_8f600268,29760.0,0.07810372427962411,central
single_fullpipeline_8f600268,29820.0,0.07789252246153866,central
single_fullpipeline_8f600268,29880.0,0.07768195739479604,central
single_fullpipeline_8f600268,29940.0,0.07747202630815374,central
single_fullpipeline_8f600268,30000.0,0.0772627264524646,central
single_fullpipeline_8f600268,30060.0,0.07705405510038464,central
single_fullpipeline_8f600268,30120.0,0.07684600954616604,central
single_fullpipeline_8f600268,30180.0,0.07663858710535683,central
single_fullpipeline_8f600268,30240.0,0.07643178511460492,central
single_fullpipeline_8f600268,30300.0,0.07622560093136997,central
single_fullpipeline_8f600268,30360.0,0.07602003193370042,central
single_fullpipeline_8f600268,30420.0,0.07581507552002377,central
single_fullpipeline_8f600268,30480.0,0.07561072910886316,central
single_fullpipeline_8f600268,30540.0,0.07540699013863142,central
single_fullpipeline_8f600268,30600.0,0.07520385606742584,central
single_fullpipeline_8f600268,30660.0,0.07500132437275585,central
single_fullpipeline_8f600268,30720.0,0.07479939255134922,central
single_fullpipeline_8f600268,30780.0,0.07459805811894113,central
single_fullpipeline_8f600268,30840.0,0.07439731861003358,central
single_fullpipeline_8f600268,30900.0,0.07419717157769447,central
single_fullpipeline_8f600268,30960.0,0.07399761459334259,central
single_fullpipeline_8f600268,31020.0,0.07379864524655824,central
single_fullpipeline_8f600268,31080.0,0.07360026114484164,central
single_fullpipeline_8f600268,31140.0,0.07340245991343015,central
single_fullpipeline_8f600268,31200.0,0.07320523919511913,central
single_fullpipeline_8f600268,31260.0,0.07300859665001468,central
single_fullpipeline_8f600268,31320.0,0.07281252995539361,central
single_fullpipeline_8f600268,31380.0,0.07261703680546037,central
single_fullpipeline_8f600268,31440.0,0.0724221149111903,central
single_fullpipeline_8f600268,31500.0,0.07222776200013267,central
single_fullpipeline_8f600268,31560.0,0.07203397581622495,central
single_fullpipeline_8f600268,31620.0,0.0718407541196036,central
single_fullpipeline_8f600268,31680.0,0.07164809468642563,central
single_fullpipeline_8f600268,31740.0,0.07145599530871005,central
single_fullpipeline_8f600268,31800.0,0.0712644537941288,central
single_fullpipeline_8f600268,31860.0,0.07107346796584715,central
single_fullpipeline_8f600268,31920.0,0.07088303566237505,central
single_fullpipeline_8f600268,31980.0,0.07069315473735657,central
single_fullpipeline_8f600268,32040.0,0.07050382305942317,central
single_fullpipeline_8f600268,32100.0,0.07031503851204789,central
single_fullpipeline_8f600268,32160.0,0.07012679899334283,central
single_fullpipeline_8f600268,32220.0,0.06993910241592192,central
single_fullpipeline_8f600268,32280.0,0.06975194670674553,central
single_fullpipeline_8f600268,32340.0,0.06956532980696137,central
single_fullpipeline_8f600268,32400.0,0.06937924967172446,central
single_fullpipeline_8f600268,32460.0,0.06919370427007704,central
single_fullpipeline_8f600268,32520.0,0.06900869158479508,central
single_fullpipeline_8f600268,32580.0,0.06882420961220695,central
single_fullpipeline_8f600268,32640.0,0.06864025636209388,central
single_fullpipeline_8f600268,32700.0,0.06845682985750097,central
single_fullpipeline_8f600268,32760.0,0.06827392813461364,central
single_fullpipeline_8f600268,32820.0,0.06809154924263107,central
single_fullpipeline_8f600268,32880.0,0.06790969124359542,central
single_fullpipeline_8f600268,32940.0,0.06772835221227104,central
single_fullpipeline_8f600268,33000.0,0.0675475302360117,central
single_fullpipeline_8f600268,33060.0,0.06736722341462038,central
single_fullpipeline_8f600268,33120.0,0.06718742986021237,central
single_fullpipeline_8f600268,33180.0,0.06700814769708589,central
single_fullpipeline_8f600268,33240.0,0.06682937506160962,central
single_fullpipeline_8f600268,33300.0,0.06665111010206698,central
single_fullpipeline_8f600268,33360.0,0.06647335097854214,central
single_fullpipeline_8f600268,33420.0,0.06629609586281457,central
single_fullpipeline_8f600268,33480.0,0.0661193429382016,central
single_fullpipeline_8f600268,33540.0,0.06594309039945408,central
single_fullpipeline_8f600268,33600.0,0.06576733645264976,central
single_fullpipeline_8f600268,33660.0,0.06559207931505776,central
single_fullpipeline_8f600268,33720.0,0.06541731721500897,central
single_fullpipeline_8f600268,33780.0,0.06524304839181623,central
single_fullpipeline_8f600268,33840.0,0.06506927109564055,central
single_fullpipeline_8f600268,33900.0,0.06489598358736999,central
single_fullpipeline_8f600268,33960.0,0.06472318413851669,central
single_fullpipeline_8f600268,34020.0,0.06455087103112507,central
single_fullpipeline_8f600268,34080.0,0.06437904255762557,central
single_fullpipeline_8f600268,34140.0,0.0642076970207708,central
single_fullpipeline_8f600268,34200.0,0.06403683273349214,central
single_fullpipeline_8f600268,34260.0,0.06386644801881282,central
single_fullpipeline_8f600268,34320.0,0.06369654120975728,central
single_fullpipeline_8f600268,34380.0,0.06352711064922353,central
single_fullpipeline_8f600268,34440.0,0.06335815468989706,central
single_fullpipeline_8f600268,34500.0,0.06318967169415492,central
single_fullpipeline_8f600268,34560.0,0.06302166003396266,central
single_fullpipeline_8f600268,34620.0,0.06285411809077435,central
single_fullpipeline_8f600268,34680.0,0.06268704425543878,central
single_fullpipeline_8f600268,34740.0,0.06252043692811922,central
single_fullpipeline_8f600268,34800.0,0.062354294518176964,central
single_fullpipeline_8f600268,34860.0,0.062188615444089615,central
single_fullpipeline_8f600268,34920.0,0.06202339813337674,central
single_fullpipeline_8f600268,34980.0,0.061858641022480655,central
single_fullpipeline_8f600268,35040.0,0.06169434255669288,central
single_fullpipeline_8f600268,35100.0,0.061530501190077656,central
single_fullpipeline_8f600268,35160.0,0.061367115385367446,central
single_fullpipeline_8f600268,35220.0,0.061204183613886035,central
single_fullpipeline_8f600268,35280.0,0.06104170435545644,central
single_fullpipeline_8f600268,35340.0,0.060879676098338685,central
single_fullpipeline_8f600268,35400.0,0.06071809733911736,central
single_fullpipeline_8f600268,35460.0,0.0605569665826538,central
single_fullpipeline_8f600268,35520.0,0.06039628234197538,central
single_fullpipeline_8f600268,35580.0,0.06023604313821036,central
single_fullpipeline_8f600268,35640.0,0.06007624750052338,central
single_fullpipeline_8f600268,35700.0,0.05991689396601043,central
single_fullpipeline_8f600268,35760.0,0.059757981079637645,central
single_fullpipeline_8f600268,35820.0,0.05959950739417728,central
single_fullpipeline_8f600268,35880.0,0.05944147147010996,central
single_fullpipeline_8f600268,35940.0,0.059283871875564595,central
single_fullpipeline_8f600268,36000.0,0.05912670718624796,central
single_fullpipeline_8f600268,36060.0,0.05896997598536941,central
single_fullpipeline_8f600268,36120.0,0.05881367686356663,central
single_fullpipeline_8f600268,36180.0,0.05865780841883717,central
single_fullpipeline_8f600268,36240.0,0.058502369256483513,central
single_fullpipeline_8f600268,36300.0,0.05834735798902094,central
single_fullpipeline_8f600268,36360.0,0.0581927732361226,central
single_fullpipeline_8f600268,36420.0,0.05803861362456505,central
single_fullpipeline_8f600268,36480.0,0.057884877788140915,central
single_fullpipeline_8f600268,36540.0,0.057731564367599165,central
single_fullpipeline_8f600268,36600.0,0.05757867201059881,central
single_fullpipeline_8f600268,36660.0,0.05742619937162552,central
single_fullpipeline_8f600268,36720.0,0.05727414511193366,central
single_fullpipeline_8f600268,36780.0,0.057122507899495426,central
single_fullpipeline_8f600268,36840.0,0.05697128640892315,central
single_fullpipeline_8f600268,36900.0,0.05682047932141717,central
single_fullpipeline_8f600268,36960.0,0.05667008532471837,central
single_fullpipeline_8f600268,37020.0,0.05652010311302586,central
single_fullpipeline_8f600268,37080.0,0.056370531386951035,central
single_fullpipeline_8f600268,37140.0,0.0562213688534723,central
single_fullpipeline_8f600268,37200.0,0.05607261422585398,central
single_fullpipeline_8f600268,37260.0,0.05592426622360346,central
single_fullpipeline_8f600268,37320.0,0.05577632357242542,central
single_fullpipeline_8f600268,37380.0,0.0556287850041472,central
single_fullpipeline_8f600268,37440.0,0.05548164925667592,central
single_fullpipeline_8f600268,37500.0,0.05533491507394754,central
single_fullpipeline_8f600268,37560.0,0.05518858120587044,central
single_fullpipeline_8f600268,37620.0,0.05504264640827064,central
single_fullpipeline_8f600268,37680.0,0.0548971094428413,central
single_fullpipeline_8f600268,37740.0,0.054751969077104605,central
single_fullpipeline_8f600268,37800.0,0.05460722408434015,central
single_fullpipeline_8f600268,37860.0,0.05446287324354635,central
single_fullpipeline_8f600268,37920.0,0.05431891533940217,central
single_fullpipeline_8f600268,37980.0,0.05417534916219567,central
single_fullpipeline_8f600268,38040.0,0.05403217350779944,central
single_fullpipeline_8f600268,38100.0,0.053889387177601736,central
single_fullpipeline_8f600268,38160.0,0.05374698897847934,central
single_fullpipeline_8f600268,38220.0,0.05360497772273666,central
single_fullpipeline_8f600268,38280.0,0.053463352228073635,central
single_fullpipeline_8f600268,38340.0,0.05332211131752591,central
single_fullpipeline_8f600268,38400.0,0.053181253819427336,central
single_fullpipeline_8f600268,38460.0,0.05304077856737677,central
single_fullpipeline_8f600268,38520.0,0.05290068440017388,central
single_fullpipeline_8f600268,38580.0,0.05276097016178667,central
single_fullpipeline_8f600268,38640.0,0.05262163470132,central
single_fullpipeline_8f600268,38700.0,0.052482676872951925,central
single_fullpipeline_8f600268,38760.0,0.052344095535903815,central
single_fullpipeline_8f600268,38820.0,0.05220588955440796,central
single_fullpipeline_8f600268,38880.0,0.052068057797649274,central
single_fullpipeline_8f600268,38940.0,0.05193059913973517,central
single_fullpipeline_8f600268,39000.0,0.0517935124596569,central
single_fullpipeline_8f600268,39060.0,0.05165679664125355,central
single_fullpipeline_8f600268,39120.0,0.051520450573158086,central
single_fullpipeline_8f600268,39180.0,0.05138447314877293,central
single_fullpipeline_8f600268,39240.0,0.05124886326623728,central
single_fullpipeline_8f600268,39300.0,0.0511136198283717,central
single_fullpipeline_8f600268,39360.0,0.05097874174265128,central
single_fullpipeline_8f600268,39420.0,0.05084422792117875,central
single_fullpipeline_8f600268,39480.0,0.050710077280627985,central
single_fullpipeline_8f600268,39540.0,0.0505762887422291,central
single_fullpipeline_8f600268,39600.0,0.05044286123171404,central
single_fullpipeline_8f600268,39660.0,0.050309793679299344,central
single_fullpipeline_8f600268,39720.0,0.05017708501963846,central
single_fullpipeline_8f600268,39780.0,0.05004473419179998,central
single_fullpipeline_8f600268,39840.0,0.049912740139220764,central
single_fullpipeline_8f600268,39900.0,0.04978110180967907,central
single_fullpipeline_8f600268,39960.0,0.049649818155271516,central
single_fullpipeline_8f600268,40020.0,0.04951888813236187,central
single_fullpipeline_8f600268,40080.0,0.04938831070155842,central
single_fullpipeline_8f600268,40140.0,0.049258084827692394,central
single_fullpipeline_8f600268,40200.0,0.04912820947976666,central
single_fullpipeline_8f600268,40260.0,0.04899868363093554,central
single_fullpipeline_8f600268,40320.0,0.048869506258481715,central
single_fullpipeline_8f600268,40380.0,0.048740676343769926,central
single_fullpipeline_8f600268,40440.0,0.048612192872225964,central
single_fullpipeline_8f600268,40500.0,0.04848405483330786,central
single_fullpipeline_8f600268,40560.0,0.04835626122047931,central
single_fullpipeline_8f600268,40620.0,0.0482288110311671,central
single_fullpipeline_8f600268,40680.0,0.04810170326674472,central
single_fullpipeline_8f600268,40740.0,0.04797493693250855,central
single_fullpipeline_8f600268,40800.0,0.04784851103763072,central
single_fullpipeline_8f600268,40860.0,0.047722424595155695,central
single_fullpipeline_8f600268,40920.0,0.04759667662195079,central
single_fullpipeline_8f600268,40980.0,0.04747126613869132,central
single_fullpipeline_8f600268,41040.0,0.04734619216983616,central
single_fullpipeline_8f600268,41100.0,0.04722145374359245,central
single_fullpipeline_8f600268,41160.0,0.04709704989189425,central
single_fullpipeline_8f600268,41220.0,0.04697297965037574,central
single_fullpipeline_8f600268,41280.0,0.04684924205835098,central
single_fullpipeline_8f600268,41340.0,0.04672583615877789,central
single_fullpipeline_8f600268,41400.0,0.04660276099823879,central
single_fullpipeline_8f600268,41460.0,0.04648001562692457,central
single_fullpipeline_8f600268,41520.0,0.046357599098593175,central
single_fullpipeline_8f600268,41580.0,0.046235510470554186,central
single_fullpipeline_8f600268,41640.0,0.04611374880365354,central
single_fullpipeline_8f600268,41700.0,0.04599231316223236,central
single_fullpipeline_8f600268,41760.0,0.04587120261411283,central
single_fullpipeline_8f600268,41820.0,0.04575041623058212,central
single_fullpipeline_8f600268,41880.0,0.04562995308635486,central
single_fullpipeline_8f600268,41940.0,0.04550981225955865,central
single_fullpipeline_8f600268,42000.0,0.04538999283171215,central
single_fullpipeline_8f600268,42060.0,0.04527049388770521,central
single_fullpipeline_8f600268,42120.0,0.04515131451576647,central
single_fullpipeline_8f600268,42180.0,0.04503245380744845,central
single_fullpipeline_8f600268,42240.0,0.04491391085761464,central
single_fullpipeline_8f600268,42300.0,0.04479568476439845,central
single_fullpipeline_8f600268,42360.0,0.044677774629204824,central
single_fullpipeline_8f600268,42420.0,0.04456017955666916,central
single_fullpipeline_8f600268,42480.0,0.04444289865464809,central
single_fullpipeline_8f600268,42540.0,0.04432593103420094,central
single_fullpipeline_8f600268,42600.0,0.0442092758095617,central
single_fullpipeline_8f600268,42660.0,0.04409293209812334,central
single_fullpipeline_8f600268,42720.0,0.04397689902041737,central
single_fullpipeline_8f600268,42780.0,0.04386117570009918,central
single_fullpipeline_8f600268,42840.0,0.043745761263918916,central
single_fullpipeline_8f600268,42900.0,0.04363065484170732,central
single_fullpipeline_8f600268,42960.0,0.04351585556636523,central
single_fullpipeline_8f600268,43020.0,0.04340136257382913,central
single_fullpipeline_8f600268,43080.0,0.04328717500306054,central
single_fullpipeline_8f600268,43140.0,0.043173291996035944,central
single_fullpipeline_8f600268,43200.0,0.04305971269771231,central
single_fullpipeline_8f600268,43260.0,0.04294643625601789,central
single_fullpipeline_8f600268,43320.0,0.042833461821839114,central
single_fullpipeline_8f600268,43380.0,0.042720788548998335,central
single_fullpipeline_8f600268,43440.0,0.04260841559422643,central
single_fullpipeline_8f600268,43500.0,0.04249634211716366,central
single_fullpipeline_8f600268,43560.0,0.04238456728033578,central
single_fullpipeline_8f600268,43620.0,0.04227309024912948,central
single_fullpipeline_8f600268,43680.0,0.04216191019178193,central
single_fullpipeline_8f600268,43740.0,0.04205102627937192,central
single_fullpipeline_8f600268,43800.0,0.041940437685785634,central
single_fullpipeline_8f600268,43860.0,0.04183014358772071,central
single_fullpipeline_8f600268,43920.0,0.041720143164652466,central
single_fullpipeline_8f600268,43980.0,0.041610435598827177,central
single_fullpipeline_8f600268,44040.0,0.04150102007524906,central
single_fullpipeline_8f600268,44100.0,0.04139189578165709,central
single_fullpipeline_8f600268,44160.0,0.04128306190851353,central
single_fullpipeline_8f600268,44220.0,0.04117451764898786,central
single_fullpipeline_8f600268,44280.0,0.04106626219894634,central
single_fullpipeline_8f600268,44340.0,0.04095829475692787,central
single_fullpipeline_8f600268,44400.0,0.040850614524133876,central
single_fullpipeline_8f600268,44460.0,0.04074322070442117,central
single_fullpipeline_8f600268,44520.0,0.040636112504273084,central
single_fullpipeline_8f600268,44580.0,0.0405292891327924,central
single_fullpipeline_8f600268,44640.0,0.040422749801694545,central
single_fullpipeline_8f600268,44700.0,0.040316493725278554,central
single_fullpipeline_8f600268,44760.0,0.040210520120421124,central
single_fullpipeline_8f600268,44820.0,0.04010482820656701,central
single_fullpipeline_8f600268,44880.0,0.03999941720571107,central
single_fullpipeline_8f600268,44940.0,0.03989428634237559,central
single_fullpipeline_8f600268,45000.0,0.03978943484361319,central
single_fullpipeline_8f600268,45060.0,0.03968486193898759,central
single_fullpipeline_8f600268,45120.0,0.03958056686055064,central
single_fullpipeline_8f600268,45180.0,0.03947654884284715,central
single_fullpipeline_8f600268,45240.0,0.03937280712288502,central
single_fullpipeline_8f600268,45300.0,0.039269340940129856,central
single_fullpipeline_8f600268,45360.0,0.03916614953649914,central
single_fullpipeline_8f600268,45420.0,0.03906323215633556,central
single_fullpipeline_8f600268,45480.0,0.03896058804640288,central
single_fullpipeline_8f600268,45540.0,0.038858216455876504,central
single_fullpipeline_8f600268,45600.0,0.03875611663632374,central
single_fullpipeline_8f600268,45660.0,0.03865428784169553,central
single_fullpipeline_8f600268,45720.0,0.03855272932831378,central
single_fullpipeline_8f600268,45780.0,0.03845144035486357,central
single_fullpipeline_8f600268,45840.0,0.038350420182373,central
single_fullpipeline_8f600268,45900.0,0.038249668074205954,central
single_fullpipeline_8f600268,45960.0,0.0381491832960572,central
single_fullpipeline_8f600268,46020.0,0.038048965115927945,central
single_fullpipeline_8f600268,46080.0,0.03794901280412104,central
single_fullpipeline_8f600268,46140.0,0.03784932563323664,central
single_fullpipeline_8f600268,46200.0,0.03774990287814734,central
single_fullpipeline_8f600268,46260.0,0.037650743815994404,central
single_fullpipeline_8f600268,46320.0,0.03755184772618071,central
single_fullpipeline_8f600268,46380.0,0.037453213890354574,central
single_fullpipeline_8f600268,46440.0,0.03735484159239762,central
single_fullpipeline_8f600268,46500.0,0.03725673011841522,central
single_fullpipeline_8f600268,46560.0,0.03715887875673419,central
single_fullpipeline_8f600268,46620.0,0.03706128679787672,central
single_fullpipeline_8f600268,46680.0,0.03696395353456734,central
single_fullpipeline_8f600268,46740.0,0.0368668782617075,central
single_fullpipeline_8f600268,46800.0,0.03677006027637193,central
single_fullpipeline_8f600268,46860.0,0.03667349887780484,central
single_fullpipeline_8f600268,46920.0,0.0365771933673969,central
single_fullpipeline_8f600268,46980.0,0.03648114304868324,central
single_fullpipeline_8f600268,47040.0,0.036385347227335725,central
single_fullpipeline_8f600268,47100.0,0.03628980521114674,central
single_fullpipeline_8f600268,47160.0,0.03619451631002271,central
single_fullpipeline_8f600268,47220.0,0.03609947983597407,central
single_fullpipeline_8f600268,47280.0,0.036004695103109434,central
single_fullpipeline_8f600268,47340.0,0.035910161427618416,central
single_fullpipeline_8f600268,47400.0,0.03581587812776629,central
single_fullpipeline_8f600268,47460.0,0.03572184452389097,central
single_fullpipeline_8f600268,47520.0,0.03562805993838169,central
single_fullpipeline_8f600268,47580.0,0.035534523695675974,central
single_fullpipeline_8f600268,47640.0,0.035441235122256234,central
single_fullpipeline_8f600268,47700.0,0.035348193546631816,central
single_fullpipeline_8f600268,47760.0,0.03525539829932922,central
single_fullpipeline_8f600268,47820.0,0.035162848712894615,central
single_fullpipeline_8f600268,47880.0,0.03507054412187617,central
single_fullpipeline_8f600268,47940.0,0.03497848386281486,central
single_fullpipeline_8f600268,48000.0,0.03488666727423695,central
single_fullpipeline_8f600268,48060.0,0.03479509369665309,central
single_fullpipeline_8f600268,48120.0,0.034703762472535246,central
single_fullpipeline_8f600268,48180.0,0.03461267294632455,central
single_fullpipeline_8f600268,48240.0,0.034521824464408706,central
single_fullpipeline_8f600268,48300.0,0.03443121637511991,central
single_fullpipeline_8f600268,48360.0,0.03434084802873254,central
single_fullpipeline_8f600268,48420.0,0.03425071877744284,central
single_fullpipeline_8f600268,48480.0,0.03416082797536814,central
single_fullpipeline_8f600268,48540.0,0.034071174978541036,central
single_fullpipeline_8f600268,48600.0,0.033981759144895186,central
single_fullpipeline_8f600268,48660.0,0.033892579834260604,central
single_fullpipeline_8f600268,48720.0,0.0338036364083552,central
single_fullpipeline_8f600268,48780.0,0.03371492823078055,central
single_fullpipeline_8f600268,48840.0,0.033626454667007005,central
single_fullpipeline_8f600268,48900.0,0.03353821508436969,central
single_fullpipeline_8f600268,48960.0,0.03345020885206682,central
single_fullpipeline_8f600268,49020.0,0.03336243534114076,central
single_fullpipeline_8f600268,49080.0,0.03327489392447636,central
single_fullpipeline_8f600268,49140.0,0.03318758397679865,central
single_fullpipeline_8f600268,49200.0,0.033100504874657134,central
single_fullpipeline_8f600268,49260.0,0.033013655996417715,central
single_fullpipeline_8f600268,49320.0,0.032927036722265886,central
single_fullpipeline_8f600268,49380.0,0.032840646434191406,central
single_fullpipeline_8f600268,49440.0,0.03275448451597877,central
single_fullpipeline_8f600268,49500.0,0.03266855035320984,central
single_fullpipeline_8f600268,49560.0,0.03258284333324651,central
single_fullpipeline_8f600268,49620.0,0.032497362845227536,central
single_fullpipeline_8f600268,49680.0,0.03241210828006807,central
single_fullpipeline_8f600268,49740.0,0.032327079030441186,central
single_fullpipeline_8f600268,49800.0,0.032242274490776754,central
single_fullpipeline_8f600268,49860.0,0.03215769405726019,central
single_fullpipeline_8f600268,49920.0,0.03207333712781437,central
single_fullpipeline_8f600268,49980.0,0.03198920310209976,central
single_fullpipeline_8f600268,50040.0,0.0319052913815096,central
single_fullpipeline_8f600268,50100.0,0.031821601369157744,central
single_fullpipeline_8f600268,50160.0,0.031738132469874884,central
single_fullpipeline_8f600268,50220.0,0.031654884090201535,central
single_fullpipeline_8f600268,50280.0,0.03157185563838481,central
single_fullpipeline_8f600268,50340.0,0.03148904652436541,central
single_fullpipeline_8f600268,50400.0,0.031406456159774394,central
single_fullpipeline_8f600268,50460.0,0.031324083957932604,central
single_fullpipeline_8f600268,50520.0,0.031241929333833685,central
single_fullpipeline_8f600268,50580.0,0.031159991704143186,central
single_fullpipeline_8f600268,50640.0,0.03107827048719703,central
single_fullpipeline_8f600268,50700.0,0.030996765102986146,central
single_fullpipeline_8f600268,50760.0,0.030915474973157976,central
single_fullpipeline_8f600268,50820.0,0.030834399521003013,central
single_fullpipeline_8f600268,50880.0,0.03075353817145832,central
single_fullpipeline_8f600268,50940.0,0.030672890351090828,central
single_fullpipeline_8f600268,51000.0,0.030592455488102074,central
single_fullpipeline_8f600268,51060.0,0.030512233012312727,central
single_fullpipeline_8f600268,51120.0,0.03043222235516023,central
single_fullpipeline_8f600268,51180.0,0.030352422949699042,central
single_fullpipeline_8f600268,51240.0,0.030272834230583957,central
single_fullpipeline_8f600268,51300.0,0.030193455634069753,central
single_fullpipeline_8f600268,51360.0,0.030114286598010475,central
single_fullpipeline_8f600268,51420.0,0.030035326561843375,central
single_fullpipeline_8f600268,51480.0,0.029956574966589447,central
single_fullpipeline_8f600268,51540.0,0.029878031254849592,central
single_fullpipeline_8f600268,51600.0,0.029799694870793748,central
single_fullpipeline_8f600268,51660.0,0.029721565260158123,central
single_fullpipeline_8f600268,51720.0,0.029643641870239046,central
single_fullpipeline_8f600268,51780.0,0.02956592414989051,central
single_fullpipeline_8f600268,51840.0,0.029488411549512542,central
single_fullpipeline_8f600268,51900.0,0.02941110352104901,central
single_fullpipeline_8f600268,51960.0,0.029333999517987146,central
single_fullpipeline_8f600268,52020.0,0.02925709899534276,central
single_fullpipeline_8f600268,52080.0,0.029180401409659187,central
single_fullpipeline_8f600268,52140.0,0.029103906219007162,central
single_fullpipeline_8f600268,52200.0,0.029027612882970427,central
single_fullpipeline_8f600268,52260.0,0.028951520862647878,central
single_fullpipeline_8f600268,52320.0,0.028875629620641368,central
single_fullpipeline_8f600268,52380.0,0.02879993862105953,central
single_fullpipeline_8f600268,52440.0,0.02872444732950262,central
single_fullpipeline_8f600268,52500.0,0.028649155213067504,central
single_fullpipeline_8f600268,52560.0,0.028574061740333487,central
single_fullpipeline_8f600268,52620.0,0.02849916638136075,central
single_fullpipeline_8f600268,52680.0,0.028424468607690868,central
single_fullpipeline_8f600268,52740.0,0.028349967892331785,central
single_fullpipeline_8f600268,52800.0,0.028275663709757877,central
single_fullpipeline_8f600268,52860.0,0.02820155553590975,central
single_fullpipeline_8f600268,52920.0,0.0281276428481796,central
single_fullpipeline_8f600268,52980.0,0.028053925125412108,central
single_fullpipeline_8f600268,53040.0,0.027980401847901414,central
single_fullpipeline_8f600268,53100.0,0.02790707249738128,central
single_fullpipeline_8f600268,53160.0,0.027833936557022838,central
single_fullpipeline_8f600268,53220.0,0.027760993511429098,central
single_fullpipeline_8f600268,53280.0,0.02768824284663426,central
single_fullpipeline_8f600268,53340.0,0.027615684050090752,central
single_fullpipeline_8f600268,53400.0,0.027543316610669964,central
single_fullpipeline_8f600268,53460.0,0.02747114001866107,central
single_fullpipeline_8f600268,53520.0,0.027399153765757713,central
single_fullpipeline_8f600268,53580.0,0.0273273573450575,central
single_fullpipeline_8f600268,53640.0,0.027255750251062093,central
single_fullpipeline_8f600268,53700.0,0.02718433197966429,central
single_fullpipeline_8f600268,53760.0,0.027113102028149223,central
single_fullpipeline_8f600268,53820.0,0.02704205989518838,central
single_fullpipeline_8f600268,53880.0,0.026971205080833588,central
single_fullpipeline_8f600268,53940.0,0.026900537086513066,central
single_fullpipeline_8f600268,54000.0,0.026830055415031404,central
single_fullpipeline_8f600268,54060.0,0.026759759570557783,central
single_fullpipeline_8f600268,54120.0,0.026689649058624698,central
single_fullpipeline_8f600268,54180.0,0.02661972338612882,central
single_fullpipeline_8f600268,54240.0,0.026549982061317316,central
single_fullpipeline_8f600268,54300.0,0.026480424593788104,central
single_fullpipeline_8f600268,54360.0,0.02641105049449007,central
single_fullpipeline_8f600268,54420.0,0.02634185927570958,central
single_fullpipeline_8f600268,54480.0,0.026272850451071732,central
single_fullpipeline_8f600268,54540.0,0.02620402353553776,central
single_fullpipeline_8f600268,54600.0,0.02613537804539611,central
single_fullpipeline_8f600268,54660.0,0.026066913498260614,central
single_fullpipeline_8f600268,54720.0,0.02599862941306573,central
single_fullpipeline_8f600268,54780.0,0.025930525310065934,central
single_fullpipeline_8f600268,54840.0,0.02586260071082449,central
single_fullpipeline_8f600268,54900.0,0.025794855138213356,central
single_fullpipeline_8f600268,54960.0,0.02572728811641333,central
single_fullpipeline_8f600268,55020.0,0.025659899170899923,central
single_fullpipeline_8f600268,55080.0,0.02559268782845062,central
single_fullpipeline_8f600268,55140.0,0.025525653617130484,central
single_fullpipeline_8f600268,55200.0,0.025458796066294986,central
single_fullpipeline_8f600268,55260.0,0.025392114706584135,central
single_fullpipeline_8f600268,55320.0,0.025325609069918473,central
single_fullpipeline_8f600268,55380.0,0.025259278689493788,central
single_fullpipeline_8f600268,55440.0,0.025193123099777608,central
single_fullpipeline_8f600268,55500.0,0.025127141836509454,central
single_fullpipeline_8f600268,55560.0,0.02506133443669,central
single_fullpipeline_8f600268,55620.0,0.024995700438580196,central
single_fullpipeline_8f600268,55680.0,0.024930239381702215,central
single_fullpipeline_8f600268,55740.0,0.024864950806826873,central
single_fullpipeline_8f600268,55800.0,0.024799834255974196,central
single_fullpipeline_8f600268,55860.0,0.02473488927241369,central
single_fullpipeline_8f600268,55920.0,0.024670115400652077,central
single_fullpipeline_8f600268,55980.0,0.024605512186434586,central
single_fullpipeline_8f600268,56040.0,0.02454107917674196,central
single_fullpipeline_8f600268,56100.0,0.024476815919786257,central
single_fullpipeline_8f600268,56160.0,0.02441272196500154,central
single_fullpipeline_8f600268,56220.0,0.024348796863047324,central
single_fullpipeline_8f600268,56280.0,0.02428504016580446,central
single_fullpipeline_8f600268,56340.0,0.024221451426365486,central
single_fullpipeline_8f600268,56400.0,0.02415803019903477,central
single_fullpipeline_8f600268,56460.0,0.02409477603932883,central
single_fullpipeline_8f600268,56520.0,0.024031688503963342,central
single_fullpipeline_8f600268,56580.0,0.023968767150860007,central
single_fullpipeline_8f600268,56640.0,0.023906011539133375,central
single_fullpipeline_8f600268,56700.0,0.023843421229093636,central
single_fullpipeline_8f600268,56760.0,0.023780995782241292,central
single_fullpipeline_8f600268,56820.0,0.0237187347612636,central
single_fullpipeline_8f600268,56880.0,0.023656637730029746,central
single_fullpipeline_8f600268,56940.0,0.023594704253587787,central
single_fullpipeline_8f600268,57000.0,0.02353293389816508,central
single_fullpipeline_8f600268,57060.0,0.02347132623115821,central
single_fullpipeline_8f600268,57120.0,0.023409880821132375,central
single_fullpipeline_8f600268,57180.0,0.02334859723782248,central
single_fullpipeline_8f600268,57240.0,0.023287475052121455,central
single_fullpipeline_8f600268,57300.0,0.023226513836080945,central
single_fullpipeline_8f600268,57360.0,0.023165713162911786,central
single_fullpipeline_8f600268,57420.0,0.023105072606972588,central
single_fullpipeline_8f600268,57480.0,0.023044591743771145,central
single_fullpipeline_8f600268,57540.0,0.022984270149961766,central
single_fullpipeline_8f600268,57600.0,0.022924107403341477,central
single_fullpipeline_8f600268,57660.0,0.02286410308284148,central
single_fullpipeline_8f600268,57720.0,0.022804256768530522,central
single_fullpipeline_8f600268,57780.0,0.02274456804161112,central
single_fullpipeline_8f600268,57840.0,0.022685036484409477,central
single_fullpipeline_8f600268,57900.0,0.022625661680382093,central
single_fullpipeline_8f600268,57960.0,0.02256644321410336,central
single_fullpipeline_8f600268,58020.0,0.022507380671266435,central
single_fullpipeline_8f600268,58080.0,0.022448473638683103,central
single_fullpipeline_8f600268,58140.0,0.022389721704274036,central
single_fullpipeline_8f600268,58200.0,0.022331124457069158,central
single_fullpipeline_8f600268,58260.0,0.022272681487205154,central
single_fullpipeline_8f600268,58320.0,0.022214392385921048,central
single_fullpipeline_8f600268,58380.0,0.02215625674555416,central
single_fullpipeline_8f600268,58440.0,0.02209827415953724,central
single_fullpipeline_8f600268,58500.0,0.022040444222398974,central
single_fullpipeline_8f600268,58560.0,0.02198276652975484,central
single_fullpipeline_8f600268,58620.0,0.021925240678306437,central
single_fullpipeline_8f600268,58680.0,0.02186786626584274,central
single_fullpipeline_8f600268,58740.0,0.021810642891229276,central
single_fullpipeline_8f600268,58800.0,0.021753570154408836,central
single_fullpipeline_8f600268,58860.0,0.02169664765640203,central
single_fullpipeline_8f600268,58920.0,0.021639874999296742,central
single_fullpipeline_8f600268,58980.0,0.021583251786249535,central
single_fullpipeline_8f600268,59040.0,0.02152677762148324,central
single_fullpipeline_8f600268,59100.0,0.0214704521102831,central
single_fullpipeline_8f600268,59160.0,0.021414274858991056,central
single_fullpipeline_8f600268,59220.0,0.021358245475004544,central
single_fullpipeline_8f600268,59280.0,0.021302363566777567,central
single_fullpipeline_8f600268,59340.0,0.021246628743809046,central
single_fullpipeline_8f600268,59400.0,0.02119104061664966,central
single_fullpipeline_8f600268,59460.0,0.02113559879689021,central
single_fullpipeline_8f600268,59520.0,0.021080302897162572,central
single_fullpipeline_8f600268,59580.0,0.021025152531139676,central
single_fullpipeline_8f600268,59640.0,0.020970147313526494,central
single_fullpipeline_8f600268,59700.0,0.020915286860060386,central
single_fullpipeline_8f600268,59760.0,0.020860570787508952,central
single_fullpipeline_8f600268,59820.0,0.020805998713665928,central
single_fullpipeline_8f600268,59880.0,0.020751570257347477,central
single_fullpipeline_8f600268,59940.0,0.02069728503838964,central
single_fullpipeline_8f600268,60000.0,0.02064314267764883,central
single_fullpipeline_8f600268,60060.0,0.020589142796993348,central
single_fullpipeline_8f600268,60120.0,0.02053528501930295,central
single_fullpipeline_8f600268,60180.0,0.020481568968469956,central
single_fullpipeline_8f600268,60240.0,0.02042799426938926,central
single_fullpipeline_8f600268,60300.0,0.020374560547959084,central
single_fullpipeline_8f600268,60360.0,0.02032126743108085,central
single_fullpipeline_8f600268,60420.0,0.02026811454665288,central
single_fullpipeline_8f600268,60480.0,0.020215101523564823,central
single_fullpipeline_8f600268,60540.0,0.02016222799170244,central
single_fullpipeline_8f600268,60600.0,0.020109493581940495,central
single_fullpipeline_8f600268,60660.0,0.02005689792613835,central
single_fullpipeline_8f600268,60720.0,0.02000444065713874,central
single_fullpipeline_8f600268,60780.0,0.019952121408768918,central
single_fullpipeline_8f600268,60840.0,0.019899939815829843,central
single_fullpipeline_8f600268,60900.0,0.019847895514102546,central
single_fullpipeline_8f600268,60960.0,0.01979598814033742,central
single_fullpipeline_8f600268,61020.0,0.019744217332255138,central
single_fullpipeline_8f600268,61080.0,0.01969258272854666,central
single_fullpipeline_8f600268,61140.0,0.019641083968864863,central
single_fullpipeline_8f600268,61200.0,0.01958972069382499,central
single_fullpipeline_8f600268,61260.0,0.019538492545002627,central
single_fullpipeline_8f600268,61320.0,0.01948739916492999,central
single_fullpipeline_8f600268,61380.0,0.019436440197092383,central
single_fullpipeline_8f600268,61440.0,0.019385615285926052,central
single_fullpipeline_8f600268,61500.0,0.01933492407681859,central
single_fullpipeline_8f600268,61560.0,0.01928436621610103,central
single_fullpipeline_8f600268,61620.0,0.019233941351047577,central
single_fullpipeline_8f600268,61680.0,0.019183649129876648,central
single_fullpipeline_8f600268,61740.0,0.019133489201741568,central
single_fullpipeline_8f600268,61800.0,0.01908346121673139,central
single_fullpipeline_8f600268,61860.0,0.019033564825870753,central
single_fullpipeline_8f600268,61920.0,0.018983799681114043,central
single_fullpipeline_8f600268,61980.0,0.018934165435340312,central
single_fullpipeline_8f600268,62040.0,0.01888466174235768,central
single_fullpipeline_8f600268,62100.0,0.018835288256896867,central
single_fullpipeline_8f600268,62160.0,0.01878604463460589,central
single_fullpipeline_8f600268,62220.0,0.018736930532054497,central
single_fullpipeline_8f600268,62280.0,0.018687945606724425,central
single_fullpipeline_8f600268,62340.0,0.01863908951701009,central
single_fullpipeline_8f600268,62400.0,0.018590361922219266,central
single_fullpipeline_8f600268,62460.0,0.018541762482564138,central
single_fullpipeline_8f600268,62520.0,0.01849329085916221,central
single_fullpipeline_8f600268,62580.0,0.018444946714036358,central
single_fullpipeline_8f600268,62640.0,0.01839672971010706,central
single_fullpipeline_8f600268,62700.0,0.018348639511192838,central
single_fullpipeline_8f600268,62760.0,0.018300675782008384,central
single_fullpipeline_8f600268,62820.0,0.01825283818816117,central
single_fullpipeline_8f600268,62880.0,0.018205126396148186,central
single_fullpipeline_8f600268,62940.0,0.018157540073353864,central
single_fullpipeline_8f600268,63000.0,0.018110078888050597,central
single_fullpipeline_8f600268,63060.0,0.01806274250939141,central
single_fullpipeline_8f600268,63120.0,0.018015530607409597,central
single_fullpipeline_8f600268,63180.0,0.017968442853019653,central
single_fullpipeline_8f600268,63240.0,0.017921478918009603,central
single_fullpipeline_8f600268,63300.0,0.017874638475039728,central
single_fullpipeline_8f600268,63360.0,0.01782792119764455,central
single_fullpipeline_8f600268,63420.0,0.01778132676022551,central
single_fullpipeline_8f600268,63480.0,0.017734854838050613,central
single_fullpipeline_8f600268,63540.0,0.017688505107250355,central
single_fullpipeline_8f600268,63600.0,0.017642277244819836,central
single_fullpipeline_8f600268,63660.0,0.017596170928609902,central
single_fullpipeline_8f600268,63720.0,0.017550185837331908,central
single_fullpipeline_8f600268,63780.0,0.01750432165054886,central
single_fullpipeline_8f600268,63840.0,0.01745857804867597,central
single_fullpipeline_8f600268,63900.0,0.01741295471298129,central
single_fullpipeline_8f600268,63960.0,0.01736745132557752,central
single_fullpipeline_8f600268,64020.0,0.017322067569422707,central
single_fullpipeline_8f600268,64080.0,0.017276803128320483,central
single_fullpipeline_8f600268,64140.0,0.0172316576869127,central
single_fullpipeline_8f600268,64200.0,0.01718663093067996,central
single_fullpipeline_8f600268,64260.0,0.017141722545939795,central
single_fullpipeline_8f600268,64320.0,0.01709693221984361,central
single_fullpipeline_8f600268,64380.0,0.017052259640373667,central
single_fullpipeline_8f600268,64440.0,0.017007704496340974,central
single_fullpipeline_8f600268,64500.0,0.016963266477386326,central
single_fullpipeline_8f600268,64560.0,0.016918945273972568,central
single_fullpipeline_8f600268,64620.0,0.016874740577385184,central
single_fullpipeline_8f600268,64680.0,0.016830652079732722,central
single_fullpipeline_8f600268,64740.0,0.01678667947393971,central
single_fullpipeline_8f600268,64800.0,0.016742822453745553,central
single_fullpipeline_8f600268,64860.0,0.016699080713706342,central
single_fullpipeline_8f600268,64920.0,0.016655453949188114,central
single_fullpipeline_8f600268,64980.0,0.016611941856365647,central
single_fullpipeline_8f600268,65040.0,0.016568544132222682,central
single_fullpipeline_8f600268,65100.0,0.016525260474546066,central
single_fullpipeline_8f600268,65160.0,0.016482090581925263,central
single_fullpipeline_8f600268,65220.0,0.01643903415375301,central
single_fullpipeline_8f600268,65280.0,0.016396090890217766,central
single_fullpipeline_8f600268,65340.0,0.016353260492304247,central
single_fullpipeline_8f600268,65400.0,0.01631054266179415,central
single_fullpipeline_8f600268,65460.0,0.016267937101258304,central
single_fullpipeline_8f600268,65520.0,0.016225443514057546,central
single_fullpipeline_8f600268,65580.0,0.016183061604342876,central
single_fullpipeline_8f600268,65640.0,0.016140791077048047,central
single_fullpipeline_8f600268,65700.0,0.016098631637891988,central
single_fullpipeline_8f600268,65760.0,0.016056582993374896,central
single_fullpipeline_8f600268,65820.0,0.016014644850775545,central
single_fullpipeline_8f600268,65880.0,0.015972816918149463,central
single_fullpipeline_8f600268,65940.0,0.0159310989043294,central
single_fullpipeline_8f600268,66000.0,0.015889490518918994,central
single_fullpipeline_8f600268,66060.0,0.015847991472292454,central
single_fullpipeline_8f600268,66120.0,0.015806601475595622,central
single_fullpipeline_8f600268,66180.0,0.015765320240738366,central
single_fullpipeline_8f600268,66240.0,0.015724147480395283,central
single_fullpipeline_8f600268,66300.0,0.015683082908006227,central
single_fullpipeline_8f600268,66360.0,0.01564212623776892,central
single_fullpipeline_8f600268,66420.0,0.015601277184640123,central
single_fullpipeline_8f600268,66480.0,0.015560535464334523,central
single_fullpipeline_8f600268,66540.0,0.01551990079332001,central
single_fullpipeline_8f600268,66600.0,0.015479372888817022,central
single_fullpipeline_8f600268,66660.0,0.01543895146879615,central
single_fullpipeline_8f600268,66720.0,0.015398636251978235,central
single_fullpipeline_8f600268,66780.0,0.015358426957828249,central
single_fullpipeline_8f600268,66840.0,0.015318323306555538,central
single_fullpipeline_8f600268,66900.0,0.01527832501911441,central
single_fullpipeline_8f600268,66960.0,0.01523843181719623,central
single_fullpipeline_8f600268,67020.0,0.015198643423234024,central
single_fullpipeline_8f600268,67080.0,0.01515895956039447,central
single_fullpipeline_8f600268,67140.0,0.015119379952579944,central
single_fullpipeline_8f600268,67200.0,0.015079904324425434,central
single_fullpipeline_8f600268,67260.0,0.015040532401296576,central
single_fullpipeline_8f600268,67320.0,0.015001263909286904,central
single_fullpipeline_8f600268,67380.0,0.01496209857521616,central
single_fullpipeline_8f600268,67440.0,0.014923036126630793,central
single_fullpipeline_8f600268,67500.0,0.014884076291797985,central
single_fullpipeline_8f600268,67560.0,0.014845218799705398,central
single_fullpipeline_8f600268,67620.0,0.014806463380062205,central
single_fullpipeline_8f600268,67680.0,0.014767809763291876,central
single_fullpipeline_8f600268,67740.0,0.014729257680533007,central
single_fullpipeline_8f600268,67800.0,0.014690806863639676,central
single_fullpipeline_8f600268,67860.0,0.014652457045174634,central
single_fullpipeline_8f600268,67920.0,0.014614207958410352,central
single_fullpipeline_8f600268,67980.0,0.014576059337327592,central
single_fullpipeline_8f600268,68040.0,0.014538010916613227,central
single_fullpipeline_8f600268,68100.0,0.01450006243165511,central
single_fullpipeline_8f600268,68160.0,0.014462213618544375,central
single_fullpipeline_8f600268,68220.0,0.014424464214073309,central
single_fullpipeline_8f600268,68280.0,0.014386813955729993,central
single_fullpipeline_8f600268,68340.0,0.014349262581698658,central
single_fullpipeline_8f600268,68400.0,0.01431180983086016,central
single_fullpipeline_8f600268,68460.0,0.014274455442784622,central
single_fullpipeline_8f600268,68520.0,0.0142371991577356,central
single_fullpipeline_8f600268,68580.0,0.014200040716663361,central
single_fullpipeline_8f600268,68640.0,0.014162979861205273,central
single_fullpipeline_8f600268,68700.0,0.01412601633368444,central
single_fullpipeline_8f600268,68760.0,0.014089149877107132,central
single_fullpipeline_8f600268,68820.0,0.014052380235160365,central
single_fullpipeline_8f600268,68880.0,0.014015707152210339,central
single_fullpipeline_8f600268,68940.0,0.013979130373302891,central
single_fullpipeline_8f600268,69000.0,0.013942649644157907,central
single_fullpipeline_8f600268,69060.0,0.01390626471116914,central
single_fullpipeline_8f600268,69120.0,0.013869975321405095,central
single_fullpipeline_8f600268,69180.0,0.013833781222602419,central
single_fullpipeline_8f600268,69240.0,0.01379768216316651,central
single_fullpipeline_8f600268,69300.0,0.01376167789217203,central
single_fullpipeline_8f600268,69360.0,0.013725768159356425,central
single_fullpipeline_8f600268,69420.0,0.013689952715120975,central
single_fullpipeline_8f600268,69480.0,0.01365423131052941,central
single_fullpipeline_8f600268,69540.0,0.013618603697305637,central
single_fullpipeline_8f600268,69600.0,0.01358306962783034,central
single_fullpipeline_8f600268,69660.0,0.013547628855140331,central
single_fullpipeline_8f600268,69720.0,0.013512281132929349,central
single_fullpipeline_8f600268,69780.0,0.013477026215540927,central
single_fullpipeline_8f600268,69840.0,0.013441863857972785,central
single_fullpipeline_8f600268,69900.0,0.013406793815869691,central
single_fullpipeline_8f600268,69960.0,0.01337181584552417,central
single_fullpipeline_8f600268,70020.0,0.013336929703876631,central
single_fullpipeline_8f600268,70080.0,0.013302135148509822,central
single_fullpipeline_8f600268,70140.0,0.013267431937649194,central
single_fullpipeline_8f600268,70200.0,0.01323281983016167,central
single_fullpipeline_8f600268,70260.0,0.013198298585553206,central
single_fullpipeline_8f600268,70320.0,0.013163867963966522,central
single_fullpipeline_8f600268,70380.0,0.013129527726179676,central
single_fullpipeline_8f600268,70440.0,0.013095277633606501,central
single_fullpipeline_8f600268,70500.0,0.01306111744829136,central
single_fullpipeline_8f600268,70560.0,0.01302704693290896,central
single_fullpipeline_8f600268,70620.0,0.012993065850765234,central
single_fullpipeline_8f600268,70680.0,0.012959173965791118,central
single_fullpipeline_8f600268,70740.0,0.012925371042543172,central
single_fullpipeline_8f600268,70800.0,0.012891656846203556,central
single_fullpipeline_8f600268,70860.0,0.012858031142576207,central
single_fullpipeline_8f600268,70920.0,0.012824493698083465,central
single_fullpipeline_8f600268,70980.0,0.012791044279769143,central
single_fullpipeline_8f600268,71040.0,0.012757682655294186,central
single_fullpipeline_8f600268,71100.0,0.012724408592933969,central
single_fullpipeline_8f600268,71160.0,0.012691221861577645,central
single_fullpipeline_8f600268,71220.0,0.012658122230728975,central
single_fullpipeline_8f600268,71280.0,0.01262510947049961,central
single_fullpipeline_8f600268,71340.0,0.012592183351613185,central
single_fullpipeline_8f600268,71400.0,0.012559343645398659,central
single_fullpipeline_8f600268,71460.0,0.012526590123791028,central
single_fullpipeline_8f600268,71520.0,0.012493922559331383,central
single_fullpipeline_8f600268,71580.0,0.012461340725161748,central
single_fullpipeline_8f600268,71640.0,0.012428844395025443,central
single_fullpipeline_8f600268,71700.0,0.012396433343265881,central
single_fullpipeline_8f600268,71760.0,0.012364107344824373,central
single_fullpipeline_8f600268,71820.0,0.012331866175237951,central
single_fullpipeline_8f600268,71880.0,0.012299709610638032,central
single_fullpipeline_8f600268,71940.0,0.012267637427750853,central
single_fullpipeline_8f600268,72000.0,0.012235649403892546,central
single_fullpipeline_8f600268,72060.0,0.012203745316969012,central
single_fullpipeline_8f600268,72120.0,0.012171924945476689,central
single_fullpipeline_8f600268,72180.0,0.012140188068496769,central
single_fullpipeline_8f600268,72240.0,0.012108534465695759,central
single_fullpipeline_8f600268,72300.0,0.012076963917325509,central
single_fullpipeline_8f600268,72360.0,0.012045476204219573,central
single_fullpipeline_8f600268,72420.0,0.012014071107790106,central
single_fullpipeline_8f600268,72480.0,0.011982748410030684,central
single_fullpipeline_8f600268,72540.0,0.011951507893512313,central
single_fullpipeline_8f600268,72600.0,0.011920349341380178,central
single_fullpipeline_8f600268,72660.0,0.011889272537356426,central
single_fullpipeline_8f600268,72720.0,0.01185827726573421,central
single_fullpipeline_8f600268,72780.0,0.011827363311378106,central
single_fullpipeline_8f600268,72840.0,0.011796530459724647,central
single_fullpipeline_8f600268,72900.0,0.011765778496776699,central
single_fullpipeline_8f600268,72960.0,0.011735107209104164,central
single_fullpipeline_8f600268,73020.0,0.011704516383844033,central
single_fullpipeline_8f600268,73080.0,0.01167400580869556,central
single_fullpipeline_8f600268,73140.0,0.011643575271920581,central
single_fullpipeline_8f600268,73200.0,0.011613224562342454,central
single_fullpipeline_8f600268,73260.0,0.011582953469343888,central
single_fullpipeline_8f600268,73320.0,0.011552761782865026,central
single_fullpipeline_8f600268,73380.0,0.011522649293402153,central
single_fullpipeline_8f600268,73440.0,0.011492615792008089,central
single_fullpipeline_8f600268,73500.0,0.011462661070287615,central
single_fullpipeline_8f600268,73560.0,0.011432784920397317,central
single_fullpipeline_8f600268,73620.0,0.011402987135046215,central
single_fullpipeline_8f600268,73680.0,0.011373267507490964,central
single_fullpipeline_8f600268,73740.0,0.011343625831535146,central
single_fullpipeline_8f600268,73800.0,0.011314061901530505,central
single_fullpipeline_8f600268,73860.0,0.011284575512372464,central
single_fullpipeline_8f600268,73920.0,0.01125516645949987,central
single_fullpipeline_8f600268,73980.0,0.011225834538892506,central
single_fullpipeline_8f600268,74040.0,0.011196579547072545,central
single_fullpipeline_8f600268,74100.0,0.011167401281098856,central
single_fullpipeline_8f600268,74160.0,0.01113829953857017,central
single_fullpipeline_8f600268,74220.0,0.011109274117619531,central
single_fullpipeline_8f600268,74280.0,0.011080324816914641,central
single_fullpipeline_8f600268,74340.0,0.011051451435658366,central
single_fullpipeline_8f600268,74400.0,0.011022653773583531,central
single_fullpipeline_8f600268,74460.0,0.0109939316309535,central
single_fullpipeline_8f600268,74520.0,0.010965284808562289,central
single_fullpipeline_8f600268,74580.0,0.010936713107729997,central
single_fullpipeline_8f600268,74640.0,0.010908216330303176,central
single_fullpipeline_8f600268,74700.0,0.010879794278653755,central
single_fullpipeline_8f600268,74760.0,0.0108514467556771,central
single_fullpipeline_8f600268,74820.0,0.010823173564790138,central
single_fullpipeline_8f600268,74880.0,0.010794974509930165,central
single_fullpipeline_8f600268,74940.0,0.010766849395555403,central
single_fullpipeline_8f600268,75000.0,0.010738798026640285,central
single_fullpipeline_8f600268,75060.0,0.01071082020867576,central
single_fullpipeline_8f600268,75120.0,0.01068291574766967,central
single_fullpipeline_8f600268,75180.0,0.010655084450142273,central
single_fullpipeline_8f600268,75240.0,0.010627326123125606,central
single_fullpipeline_8f600268,75300.0,0.01059964057416465,central
single_fullpipeline_8f600268,75360.0,0.010572027611313106,central
single_fullpipeline_8f600268,75420.0,0.010544487043132664,central
single_fullpipeline_8f600268,75480.0,0.010517018678693216,central
single_fullpipeline_8f600268,75540.0,0.010489622327569142,central
single_fullpipeline_8f600268,75600.0,0.010462297799839058,central
single_fullpipeline_8f600268,75660.0,0.01043504490608626,central
single_fullpipeline_8f600268,75720.0,0.010407863457393987,central
single_fullpipeline_8f600268,75780.0,0.010380753265345788,central
single_fullpipeline_8f600268,75840.0,0.010353714142026006,central
single_fullpipeline_8f600268,75900.0,0.01032674590001486,central
single_fullpipeline_8f600268,75960.0,0.010299848352389033,central
single_fullpipeline_8f600268,76020.0,0.010273021312721755,central
single_fullpipeline_8f600268,76080.0,0.010246264595078549,central
single_fullpipeline_8f600268,76140.0,0.010219578014017532,central
single_fullpipeline_8f600268,76200.0,0.010192961384588469,central
single_fullpipeline_8f600268,76260.0,0.010166414522330915,central
single_fullpipeline_8f600268,76320.0,0.010139937243272487,central
single_fullpipeline_8f600268,76380.0,0.010113529363927719,central
single_fullpipeline_8f600268,76440.0,0.010087190701298621,central
single_fullpipeline_8f600268,76500.0,0.01006092107287024,central
single_fullpipeline_8f600268,76560.0,0.010034720296610955,central
single_fullpipeline_8f600268,76620.0,0.010008588190972821,central
single_fullpipeline_8f600268,76680.0,0.009982524574886832,central
single_fullpipeline_8f600268,76740.0,0.009956529267765118,central
single_fullpipeline_8f600268,76800.0,0.009930602089496454,central
single_fullpipeline_8f600268,76860.0,0.009904742860447869,central
single_fullpipeline_8f600268,76920.0,0.009878951401461217,central
single_fullpipeline_8f600268,76980.0,0.009853227533853879,central
single_fullpipeline_8f600268,77040.0,0.009827571079415322,central
single_fullpipeline_8f600268,77100.0,0.009801981860406869,central
single_fullpipeline_8f600268,77160.0,0.009776459699562083,central
single_fullpipeline_8f600268,77220.0,0.009751004420082353,central
single_fullpipeline_8f600268,77280.0,0.009725615845637263,central
single_fullpipeline_8f600268,77340.0,0.009700293800364988,central
single_fullpipeline_8f600268,77400.0,0.009675038108867762,central
single_fullpipeline_8f600268,77460.0,0.009649848596212365,central
single_fullpipeline_8f600268,77520.0,0.009624725087930214,central
single_fullpipeline_8f600268,77580.0,0.00959966741001343,central
single_fullpipeline_8f600268,77640.0,0.009574675388915075,central
single_fullpipeline_8f600268,77700.0,0.009549748851548067,central
single_fullpipeline_8f600268,77760.0,0.009524887625284448,central
single_fullpipeline_8f600268,77820.0,0.00950009153795181,central
single_fullpipeline_8f600268,77880.0,0.00947536041783413,central
single_fullpipeline_8f600268,77940.0,0.009450694093671396,central
single_fullpipeline_8f600268,78000.0,0.009426092394655567,central
single_fullpipeline_8f600268,78060.0,0.009401555150430927,central
single_fullpipeline_8f600268,78120.0,0.00937708219109433,central
single_fullpipeline_8f600268,78180.0,0.009352673347190834,central
single_fullpipeline_8f600268,78240.0,0.009328328449715718,central
single_fullpipeline_8f600268,78300.0,0.009304047330110277,central
single_fullpipeline_8f600268,78360.0,0.009279829820263373,central
single_fullpipeline_8f600268,78420.0,0.009255675752508165,central
single_fullpipeline_8f600268,78480.0,0.00923158495962281,central
single_fullpipeline_8f600268,78540.0,0.009207557274827225,central
single_fullpipeline_8f600268,78600.0,0.009183592531782869,central
single_fullpipeline_8f600268,78660.0,0.009159690564593117,central
single_fullpipeline_8f600268,78720.0,0.009135851207799124,central
single_fullpipeline_8f600268,78780.0,0.009112074296380154,central
single_fullpipeline_8f600268,78840.0,0.009088359665753993,central
single_fullpipeline_8f600268,78900.0,0.009064707151772636,central
single_fullpipeline_8f600268,78960.0,0.00904111659072282,central
single_fullpipeline_8f600268,79020.0,0.009017587819326085,central
single_fullpipeline_8f600268,79080.0,0.00899412067473504,central
single_fullpipeline_8f600268,79140.0,0.008970714994533668,central
single_fullpipeline_8f600268,79200.0,0.008947370616736257,central
single_fullpipeline_8f600268,79260.0,0.008924087379786741,central
single_fullpipeline_8f600268,79320.0,0.008900865122555304,central
single_fullpipeline_8f600268,79380.0,0.008877703684339263,central
single_fullpipeline_8f600268,79440.0,0.008854602904862612,central
single_fullpipeline_8f600268,79500.0,0.008831562624271814,central
single_fullpipeline_8f600268,79560.0,0.008808582683138572,central
single_fullpipeline_8f600268,79620.0,0.00878566292245512,central
single_fullpipeline_8f600268,79680.0,0.008762803183635103,central
single_fullpipeline_8f600268,79740.0,0.008740003308512788,central
single_fullpipeline_8f600268,79800.0,0.00871726313934052,central
single_fullpipeline_8f600268,79860.0,0.008694582518788402,central
single_fullpipeline_8f600268,79920.0,0.008671961289942992,central
single_fullpipeline_8f600268,79980.0,0.008649399296307116,central
single_fullpipeline_8f600268,80040.0,0.008626896381796957,central
single_fullpipeline_8f600268,80100.0,0.008604452390741889,central
single_fullpipeline_8f600268,80160.0,0.00858206716788484,central
single_fullpipeline_8f600268,80220.0,0.00855974055837838,central
single_fullpipeline_8f600268,80280.0,0.008537472407785051,central
single_fullpipeline_8f600268,80340.0,0.008515262562077734,central
single_fullpipeline_8f600268,80400.0,0.008493110867635656,central
single_fullpipeline_8f600268,80460.0,0.008471017171244846,central
single_fullpipeline_8f600268,80520.0,0.008448981320098208,central
single_fullpipeline_8f600268,80580.0,0.008427003161792054,central
single_fullpipeline_8f600268,80640.0,0.008405082544326325,central
single_fullpipeline_8f600268,80700.0,0.008383219316103656,central
single_fullpipeline_8f600268,80760.0,0.008361413325928635,central
single_fullpipeline_8f600268,80820.0,0.008339664423005044,central
single_fullpipeline_8f600268,80880.0,0.008317972456935895,central
single_fullpipeline_8f600268,80940.0,0.008296337277723784,central
single_fullpipeline_8f600268,81000.0,0.008274758735766542,central
single_fullpipeline_8f600268,81060.0,0.008253236681859951,central
single_fullpipeline_8f600268,81120.0,0.008231770967193306,central
single_fullpipeline_8f600268,81180.0,0.008210361443350231,central
single_fullpipeline_8f600268,81240.0,0.008189007962307968,central
single_fullpipeline_8f600268,81300.0,0.008167710376434994,central
single_fullpipeline_8f600268,81360.0,0.008146468538490678,central
single_fullpipeline_8f600268,81420.0,0.008125282301624124,central
single_fullpipeline_8f600268,81480.0,0.00810415151937394,central
single_fullpipeline_8f600268,81540.0,0.008083076045665556,central
single_fullpipeline_8f600268,81600.0,0.008062055734811073,central
single_fullpipeline_8f600268,81660.0,0.008041090441509528,central
single_fullpipeline_8f600268,81720.0,0.00802018002084331,central
single_fullpipeline_8f600268,81780.0,0.007999324328278466,central
single_fullpipeline_8f600268,81840.0,0.007978523219665,central
single_fullpipeline_8f600268,81900.0,0.007957776551233179,central
single_fullpipeline_8f600268,81960.0,0.00793708417959393,central
single_fullpipeline_8f600268,82020.0,0.00791644596173862,central
single_fullpipeline_8f600268,82080.0,0.007895861755037283,central
single_fullpipeline_8f600268,82140.0,0.007875331417235917,central
single_fullpipeline_8f600268,82200.0,0.007854854806458481,central
single_fullpipeline_8f600268,82260.0,0.007834431781204817,central
single_fullpipeline_8f600268,82320.0,0.007814062200348275,central
single_fullpipeline_8f600268,82380.0,0.007793745923135824,central
single_fullpipeline_8f600268,82440.0,0.007773482809188317,central
single_fullpipeline_8f600268,82500.0,0.007753272718496482,central
single_fullpipeline_8f600268,82560.0,0.0077331155114233946,central
single_fullpipeline_8f600268,82620.0,0.007713011048700455,central
single_fullpipeline_8f600268,82680.0,0.007692959191427935,central
single_fullpipeline_8f600268,82740.0,0.007672959801074529,central
single_fullpipeline_8f600268,82800.0,0.007653012739474976,central
single_fullpipeline_8f600268,82860.0,0.007633117868829833,central
single_fullpipeline_8f600268,82920.0,0.007613275051704348,central
single_fullpipeline_8f600268,82980.0,0.007593484151028256,central
single_fullpipeline_8f600268,83040.0,0.007573745030093247,central
single_fullpipeline_8f600268,83100.0,0.007554057552552841,central
single_fullpipeline_8f600268,83160.0,0.007534421582422653,central
single_fullpipeline_8f600268,83220.0,0.007514836984077012,central
single_fullpipeline_8f600268,83280.0,0.007495303622249252,central
single_fullpipeline_8f600268,83340.0,0.007475821362032007,central
single_fullpipeline_8f600268,83400.0,0.00745639006887374,central
single_fullpipeline_8f600268,83460.0,0.007437009608579107,central
single_fullpipeline_8f600268,83520.0,0.0074176798473087925,central
single_fullpipeline_8f600268,83580.0,0.007398400651577522,central
single_fullpipeline_8f600268,83640.0,0.007379171888252897,central
single_fullpipeline_8f600268,83700.0,0.007359993424554642,central
single_fullpipeline_8f600268,83760.0,0.0073408651280552194,central
single_fullpipeline_8f600268,83820.0,0.007321786866675979,central
single_fullpipeline_8f600268,83880.0,0.007302758508689483,central
single_fullpipeline_8f600268,83940.0,0.00728377992271573,central
single_fullpipeline_8f600268,84000.0,0.007264850977722455,central
single_fullpipeline_8f600268,84060.0,0.007245971543025403,central
single_fullpipeline_8f600268,84120.0,0.007227141488284971,central
single_fullpipeline_8f600268,84180.0,0.00720836068350676,central
single_fullpipeline_8f600268,84240.0,0.007189628999041084,central
single_fullpipeline_8f600268,84300.0,0.007170946305580816,central
single_fullpipeline_8f600268,84360.0,0.007152312474161127,central
single_fullpipeline_8f600268,84420.0,0.007133727376158442,central
single_fullpipeline_8f600268,84480.0,0.007115190883290259,central
single_fullpipeline_8f600268,84540.0,0.007096702867612781,central
single_fullpipeline_8f600268,84600.0,0.007078263201520778,central
single_fullpipeline_8f600268,84660.0,0.007059871757747852,central
single_fullpipeline_8f600268,84720.0,0.007041528409363292,central
single_fullpipeline_8f600268,84780.0,0.007023233029772298,central
single_fullpipeline_8f600268,84840.0,0.007004985492716156,central
single_fullpipeline_8f600268,84900.0,0.006986785672269672,central
single_fullpipeline_8f600268,84960.0,0.0069686334428401215,central
single_fullpipeline_8f600268,85020.0,0.0069505286791684846,central
single_fullpipeline_8f600268,85080.0,0.0069324712563269015,central
single_fullpipeline_8f600268,85140.0,0.00691446104971771,central
single_fullpipeline_8f600268,85200.0,0.006896497935072743,central
single_fullpipeline_8f600268,85260.0,0.006878581788453911,central
single_fullpipeline_8f600268,85320.0,0.006860712486249588,central
single_fullpipeline_8f600268,85380.0,0.006842889905176791,central
single_fullpipeline_8f600268,85440.0,0.006825113922277646,central
single_fullpipeline_8f600268,85500.0,0.006807384414919673,central
single_fullpipeline_8f600268,85560.0,0.006789701260796042,central
single_fullpipeline_8f600268,85620.0,0.006772064337922431,central
single_fullpipeline_8f600268,85680.0,0.006754473524637525,central
single_fullpipeline_8f600268,85740.0,0.006736928699602573,central
single_fullpipeline_8f600268,85800.0,0.006719429741799387,central
single_fullpipeline_8f600268,85860.0,0.006701976530530053,central
single_fullpipeline_8f600268,85920.0,0.006684568945416005,central
single_fullpipeline_8f600268,85980.0,0.006667206866397818,central
single_fullpipeline_8f600268,86040.0,0.00664989017373301,central
single_fullpipeline_8f600268,86100.0,0.00663261874799591,central
single_fullpipeline_8f600268,86160.0,0.0066153924700779075,central
single_fullpipeline_8f600268,86220.0,0.006598211221184493,central
single_fullpipeline_8f600268,86280.0,0.0065810748828354915,central
single_fullpipeline_8f600268,86340.0,0.006563983336865213,central
single_fullpipeline_8f600268,86400.0,0.006546936465420115,central
